SNV	AACTCCCTCGGTGTCG	ACGGCCATCTGTGCAA	CACCTTGCATCCGCGA	CGGAGTCGTACTTGAC	GACTACATCACGACTA	TCGTAGAGTCGTTGTA
1:1014228_G>A	0.125000;NA	0.214286;NA	0.305556;NA	0.125000;NA	0.000000;NA	0.230769;NA
1:1401954_G>T	NA;0.000000	NA;NA	NA;NA	NA;NA	NA;NA	NA;NA
1:9179385_T>C	NA;NA	NA;NA	NA;NA	NA;NA	NA;NA	NA;NA
1:9582659_T>C	NA;NA	NA;NA	NA;NA	NA;NA	0.000000;NA	NA;NA
1:11750617_G>A	NA;NA	NA;NA	NA;NA	NA;NA	NA;NA	0.625000;NA
1:11750634_C>T	NA;NA	NA;NA	NA;NA	NA;NA	NA;NA	0.625000;NA
1:28509422_A>G	NA;NA	0.166667;NA	NA;NA	NA;NA	NA;NA	NA;NA
1:32631871_T>C	NA;NA	NA;0.000000	NA;0.090909	NA;NA	NA;0.000000	NA;NA
1:36171754_G>A	NA;NA	NA;NA	NA;NA	NA;NA	NA;NA	NA;NA
1:36322287_G>A	NA;NA	NA;NA	NA;NA	NA;NA	NA;NA	NA;NA
1:37493351_A>G	NA;NA	NA;NA	NA;NA	NA;NA	NA;NA	NA;NA
1:37567697_A>G	NA;NA	NA;NA	NA;NA	NA;NA	NA;NA	NA;NA
1:41018984_G>C	NA;NA	NA;NA	NA;NA	NA;NA	NA;NA	NA;NA
1:42460225_A>G	NA;NA	NA;NA	NA;NA	NA;NA	NA;NA	NA;NA
1:43164751_C>T	NA;NA	NA;NA	NA;NA	NA;NA	NA;NA	NA;NA
1:45511126_T>A	NA;0.000000	NA;NA	NA;0.076923	NA;0.000000	NA;0.000000	NA;0.000000
1:108962698_T>C	NA;NA	NA;NA	NA;NA	NA;NA	NA;NA	NA;NA
1:109094607_C>G	NA;NA	NA;NA	0.333333;NA	NA;NA	NA;NA	0.142857;NA
1:111125554_A>T	NA;NA	NA;NA	NA;NA	NA;NA	NA;NA	NA;NA
1:113715490_T>C	NA;NA	NA;NA	NA;NA	NA;NA	NA;NA	0.400000;NA
1:114716978_G>T	NA;0.200000	NA;NA	NA;NA	NA;NA	NA;NA	NA;NA
1:117414791_A>G	NA;NA	NA;NA	NA;NA	NA;NA	NA;NA	NA;NA
1:151983227_G>A	NA;0.850000	NA;0.727273	NA;0.500000	NA;0.687500	NA;0.666667	NA;0.814815
1:151987186_A>G	NA;NA	NA;NA	NA;NA	NA;NA	NA;NA	NA;NA
1:153982170_C>T	NA;NA	NA;NA	NA;NA	NA;NA	NA;NA	NA;NA
1:155312809_A>G	NA;NA	NA;NA	NA;NA	NA;NA	NA;NA	NA;NA
1:155728634_C>T	NA;NA	NA;NA	NA;NA	NA;NA	NA;NA	NA;NA
1:164569781_A>G	NA;NA	NA;0.000000	NA;NA	NA;0.250000	NA;NA	NA;NA
1:167541190_C>A	NA;NA	NA;NA	NA;NA	NA;NA	NA;NA	NA;NA
1:171532692_A>G	NA;NA	NA;NA	NA;NA	NA;NA	NA;NA	NA;NA
1:192716705_G>A	NA;NA	NA;NA	NA;NA	1.000000;NA	NA;NA	NA;NA
1:201381392_C>A	NA;NA	NA;NA	NA;NA	NA;NA	NA;1.000000	NA;NA
1:202050025_A>G	NA;NA	NA;NA	NA;NA	NA;NA	NA;NA	NA;NA
1:202050036_A>G	NA;NA	NA;NA	NA;NA	NA;NA	NA;NA	NA;NA
1:202077239_A>G	NA;NA	NA;NA	NA;NA	NA;NA	NA;NA	NA;NA
1:202077246_A>G	NA;NA	NA;NA	NA;NA	NA;NA	NA;NA	NA;NA
1:246767262_G>C	NA;NA	NA;NA	NA;NA	NA;NA	NA;NA	NA;NA
10:5765414_A>G	NA;0.000000	NA;0.000000	NA;0.125000	NA;NA	NA;NA	NA;0.000000
10:6205594_T>G	NA;NA	NA;NA	NA;NA	NA;NA	NA;NA	NA;NA
10:12167753_T>C	NA;0.714286	NA;NA	NA;NA	NA;NA	NA;NA	NA;0.857143
10:17590107_C>T	NA;NA	NA;NA	NA;NA	NA;NA	NA;NA	NA;NA
10:45850094_T>C	NA;NA	NA;NA	NA;NA	NA;NA	NA;NA	NA;NA
10:45850117_T>C	NA;NA	NA;NA	NA;NA	NA;NA	NA;NA	NA;NA
10:67973832_T>C	NA;NA	NA;NA	NA;NA	NA;NA	NA;NA	NA;NA
10:72220186_A>G	NA;NA	NA;NA	NA;NA	NA;NA	NA;NA	NA;NA
10:95237832_A>G	NA;NA	NA;NA	NA;NA	NA;NA	NA;NA	NA;NA
10:96750924_A>C	0.500000;NA	1.000000;NA	0.625000;NA	0.888889;NA	1.000000;NA	0.769231;NA
10:96750950_G>A	NA;NA	NA;NA	NA;NA	1.000000;NA	NA;NA	1.000000;NA
10:98429381_A>G	NA;NA	NA;NA	NA;NA	NA;NA	NA;0.666667	NA;NA
10:110900331_G>A	NA;NA	NA;NA	NA;NA	NA;NA	NA;NA	NA;NA
10:129536947_T>C	NA;NA	NA;NA	NA;NA	NA;NA	NA;NA	NA;NA
11:34053369_T>G	NA;NA	NA;NA	NA;NA	NA;NA	NA;NA	NA;NA
11:61873755_C>A	NA;NA	NA;NA	NA;NA	NA;NA	NA;NA	NA;0.400000
11:62790109_C>G	0.200000;NA	0.384615;NA	NA;NA	0.142857;NA	0.833333;NA	0.714286;NA
11:64244067_G>A	0.142857;NA	0.625000;NA	0.375000;NA	0.636364;NA	0.500000;NA	0.428571;NA
11:65116580_G>A	NA;NA	NA;NA	NA;NA	NA;NA	NA;NA	NA;0.375000
11:65425762_C>T	NA;NA	NA;NA	NA;NA	NA;NA	NA;NA	NA;NA
11:65500099_C>T	NA;NA	NA;NA	NA;NA	NA;NA	NA;NA	NA;NA
11:65854816_A>T	NA;NA	NA;NA	NA;NA	NA;NA	NA;NA	NA;NA
11:66337522_C>T	NA;NA	NA;0.400000	NA;NA	NA;NA	NA;0.500000	NA;NA
11:67991300_G>T	NA;NA	NA;NA	NA;NA	NA;NA	NA;NA	NA;NA
11:69651347_C>A	NA;NA	NA;NA	NA;NA	NA;NA	NA;NA	NA;NA
11:70436523_A>C	NA;NA	NA;NA	NA;NA	NA;NA	0.200000;NA	NA;NA
11:74252302_G>A	NA;NA	NA;NA	NA;NA	NA;NA	NA;NA	NA;NA
11:75308510_C>T	0.000000;NA	NA;NA	0.000000;NA	0.083333;NA	NA;NA	NA;NA
11:75572694_G>T	0.000000;NA	NA;NA	NA;NA	NA;NA	NA;NA	NA;NA
11:77616334_G>A	NA;NA	NA;NA	NA;NA	NA;NA	NA;NA	NA;0.000000
11:86012074_G>A	NA;NA	NA;NA	NA;NA	NA;NA	NA;NA	NA;NA
11:118254910_T>C	NA;NA	NA;NA	NA;NA	NA;NA	NA;NA	NA;NA
11:118254957_G>A	NA;NA	NA;NA	NA;NA	NA;NA	NA;NA	NA;NA
11:119023577_A>G	NA;NA	NA;NA	NA;NA	NA;NA	NA;NA	NA;NA
12:10619961_G>T	NA;NA	NA;NA	NA;NA	NA;NA	NA;NA	NA;NA
12:12917818_A>G	0.714286;NA	NA;NA	NA;NA	NA;NA	NA;NA	NA;NA
12:52248733_C>T	NA;NA	0.166667;NA	0.600000;NA	NA;NA	0.666667;NA	NA;NA
12:52286153_C>G	NA;0.562500	NA;0.142857	NA;0.333333	NA;0.305556	NA;0.107143	NA;0.173913
12:52286224_T>C	NA;0.500000	NA;NA	NA;0.285714	NA;0.388889	NA;0.142857	NA;0.178571
12:53446172_C>G	NA;NA	NA;NA	NA;NA	NA;NA	NA;NA	NA;NA
12:57822963_G>A	NA;NA	NA;NA	NA;NA	NA;NA	NA;NA	NA;NA
12:66137914_A>G	NA;NA	NA;NA	NA;NA	NA;NA	NA;NA	NA;NA
12:68821147_A>G	NA;NA	NA;NA	NA;NA	NA;NA	NA;NA	NA;NA
12:68821148_A>G	NA;NA	NA;NA	NA;NA	NA;NA	NA;NA	NA;NA
12:68821213_A>G	NA;NA	NA;NA	NA;NA	NA;0.000000	NA;NA	NA;NA
12:92144123_G>T	NA;NA	NA;NA	NA;NA	NA;NA	NA;NA	NA;NA
12:93556476_A>C	NA;NA	NA;NA	NA;NA	NA;NA	NA;NA	NA;NA
12:118145427_T>C	0.454545;NA	NA;NA	0.357143;NA	0.571429;NA	0.200000;NA	0.307692;NA
12:118145528_T>C	NA;NA	NA;NA	NA;NA	NA;NA	NA;NA	NA;NA
12:119941236_C>T	NA;NA	NA;NA	NA;NA	0.300000;NA	0.700000;NA	NA;NA
12:120503412_T>C	NA;0.200000	NA;NA	NA;NA	NA;NA	NA;NA	NA;NA
12:121401153_A>G	NA;NA	NA;NA	NA;NA	NA;NA	NA;NA	NA;NA
12:123585120_A>G	NA;NA	NA;NA	NA;NA	NA;NA	NA;NA	NA;NA
12:132704876_G>A	NA;NA	NA;NA	NA;NA	NA;NA	NA;NA	NA;NA
13:27623253_C>T	0.000000;NA	0.000000;NA	0.000000;NA	0.000000;NA	0.117647;NA	0.000000;NA
13:27623299_C>T	0.333333;NA	0.000000;NA	0.111111;NA	0.076923;NA	0.190476;NA	0.083333;NA
13:45336990_T>C	NA;0.047619	NA;0.000000	NA;0.000000	NA;0.000000	NA;0.000000	NA;0.000000
13:45337036_T>C	NA;0.840000	NA;0.782609	NA;0.900000	NA;0.647059	NA;0.830189	NA;0.818182
14:22917699_T>C	NA;NA	NA;NA	NA;NA	NA;NA	NA;NA	NA;NA
14:23098418_A>G	0.000000;NA	NA;NA	0.000000;NA	NA;NA	NA;NA	0.142857;NA
14:24196855_A>G	NA;NA	NA;NA	NA;NA	NA;NA	NA;NA	NA;NA
14:24217008_T>A	NA;0.333333	NA;0.464286	NA;0.441860	NA;0.484848	NA;0.288889	NA;0.472222
14:30893354_G>A	NA;NA	NA;NA	NA;NA	NA;NA	NA;NA	NA;NA
14:34516194_A>G	NA;NA	NA;NA	NA;NA	NA;NA	NA;NA	NA;0.083333
14:35050161_C>T	0.800000;NA	0.454545;NA	0.700000;NA	0.666667;NA	0.764706;NA	NA;NA
14:58303809_T>G	NA;NA	NA;NA	NA;NA	NA;NA	NA;NA	NA;NA
14:59473009_T>C	NA;NA	NA;NA	NA;NA	NA;NA	NA;NA	NA;NA
14:67940293_T>C	NA;NA	NA;NA	NA;NA	NA;NA	NA;NA	NA;NA
14:73194775_A>G	NA;NA	NA;NA	NA;NA	NA;NA	NA;NA	NA;NA
14:81263407_A>G	NA;NA	NA;NA	NA;NA	NA;NA	NA;NA	NA;NA
14:101870294_A>G	NA;NA	NA;NA	NA;NA	NA;NA	NA;NA	NA;NA
14:101966252_A>G	NA;NA	NA;NA	NA;NA	NA;NA	NA;NA	NA;NA
14:102080881_G>A	NA;NA	NA;NA	NA;NA	NA;NA	NA;NA	NA;NA
15:43793834_C>T	0.380000;NA	0.296000;NA	0.330000;NA	0.296610;NA	0.289157;NA	0.133333;NA
15:59638932_A>G	NA;NA	NA;0.166667	NA;0.600000	NA;0.400000	NA;0.111111	NA;NA
15:65576356_C>T	NA;NA	NA;NA	NA;NA	NA;NA	NA;NA	NA;NA
15:74843916_A>C	NA;NA	NA;NA	NA;NA	NA;NA	NA;NA	NA;NA
15:74843920_C>G	NA;NA	NA;NA	NA;NA	NA;NA	NA;NA	NA;NA
15:83005409_T>C	NA;NA	NA;NA	NA;NA	NA;NA	NA;NA	NA;NA
15:83005449_T>C	NA;NA	NA;NA	NA;NA	NA;NA	NA;NA	NA;NA
15:83005485_T>C	NA;NA	NA;NA	NA;0.000000	NA;NA	NA;NA	NA;NA
15:84655375_C>T	NA;NA	NA;NA	NA;0.125000	NA;NA	NA;0.166667	NA;NA
15:89834464_G>A	NA;NA	NA;NA	NA;0.000000	NA;NA	NA;NA	NA;NA
15:90593819_T>C	NA;NA	NA;NA	NA;NA	NA;NA	NA;NA	NA;NA
15:90931006_T>C	NA;NA	NA;NA	NA;NA	NA;NA	NA;NA	NA;NA
15:90931029_A>G	NA;NA	NA;NA	NA;NA	NA;NA	NA;NA	NA;0.000000
15:98675104_T>C	NA;NA	NA;NA	NA;NA	NA;NA	NA;NA	NA;NA
15:98878485_T>C	NA;NA	NA;NA	NA;NA	NA;NA	NA;NA	NA;NA
15:101641980_A>G	NA;NA	NA;NA	NA;NA	NA;NA	NA;NA	NA;NA
16:57162_C>G	NA;NA	0.600000;NA	NA;NA	NA;NA	NA;NA	NA;NA
16:581922_C>T	NA;NA	NA;NA	NA;NA	NA;NA	NA;NA	NA;NA
16:1772158_T>C	NA;0.142857	NA;0.400000	NA;0.833333	NA;NA	NA;0.400000	NA;0.615385
16:1776838_C>T	NA;NA	NA;NA	NA;NA	NA;NA	NA;NA	NA;NA
16:3021963_T>C	NA;NA	NA;NA	NA;NA	NA;NA	NA;NA	NA;NA
16:8855041_T>G	NA;0.714286	NA;NA	NA;NA	NA;NA	NA;NA	NA;1.000000
16:11837476_T>C	NA;0.000000	NA;0.000000	NA;0.071429	NA;0.000000	NA;0.142857	NA;0.000000
16:11837515_T>C	NA;NA	NA;0.000000	NA;0.000000	NA;0.000000	NA;0.166667	NA;0.000000
16:23582320_T>C	NA;0.000000	NA;0.000000	NA;0.000000	NA;0.142857	NA;0.000000	NA;0.000000
16:25178053_C>T	NA;NA	NA;NA	NA;NA	NA;NA	NA;NA	NA;NA
16:28605736_G>A	NA;0.300000	NA;NA	NA;0.250000	NA;NA	NA;NA	NA;0.666667
16:28984436_C>A	NA;NA	NA;NA	NA;NA	NA;NA	0.600000;NA	0.666667;NA
16:28984459_G>A	NA;NA	NA;NA	NA;NA	NA;NA	NA;NA	0.000000;NA
16:31091000_C>T	NA;NA	NA;NA	NA;0.777778	NA;NA	NA;NA	NA;0.800000
16:56609431_G>C	1.000000;NA	NA;NA	0.681818;NA	1.000000;NA	NA;NA	1.000000;NA
16:69324892_G>A	NA;NA	NA;NA	NA;NA	NA;NA	NA;NA	0.571429;NA
16:69328874_T>A	NA;NA	NA;NA	NA;NA	NA;NA	NA;NA	NA;NA
16:69328876_C>A	NA;NA	NA;NA	NA;NA	NA;NA	NA;NA	NA;NA
16:75447287_G>C	NA;NA	NA;NA	NA;NA	NA;NA	NA;NA	NA;NA
16:85727810_T>C	NA;NA	NA;NA	NA;NA	NA;NA	NA;NA	0.166667;NA
16:85727811_T>C	NA;NA	NA;NA	NA;NA	NA;NA	NA;NA	0.166667;NA
16:88643329_C>T	NA;NA	NA;NA	NA;NA	NA;NA	NA;NA	NA;0.166667
16:88643420_A>G	NA;0.444444	NA;0.800000	NA;0.500000	NA;0.333333	NA;0.250000	NA;0.250000
16:88809520_T>C	NA;0.166667	NA;0.500000	NA;0.333333	NA;0.666667	NA;0.375000	NA;0.454545
16:89563328_C>T	0.647059;NA	0.588235;NA	0.565217;NA	0.656250;NA	0.485714;NA	0.523810;NA
16:89563372_G>A	0.857143;NA	0.444444;NA	0.666667;NA	0.588235;NA	0.470588;NA	0.636364;NA
16:89563411_G>A	NA;NA	NA;NA	NA;NA	0.800000;NA	NA;NA	0.555556;NA
16:89935882_T>C	0.631579;NA	0.500000;NA	0.606061;NA	0.833333;NA	NA;NA	0.500000;NA
16:90033163_G>A	NA;NA	NA;NA	NA;NA	NA;NA	NA;NA	NA;NA
17:2043209_C>G	NA;NA	NA;NA	NA;NA	NA;NA	0.750000;NA	0.333333;NA
17:4735189_T>C	NA;NA	NA;NA	NA;NA	NA;NA	NA;NA	NA;NA
17:5432738_G>A	NA;NA	NA;NA	NA;NA	NA;NA	NA;NA	NA;NA
17:5432868_A>G	NA;NA	NA;0.222222	NA;NA	NA;NA	NA;0.333333	NA;0.300000
17:5432890_T>C	NA;0.142857	NA;0.333333	NA;NA	NA;NA	NA;0.166667	NA;0.307692
17:7017340_C>T	NA;NA	0.000000;NA	0.000000;NA	0.428571;NA	NA;NA	NA;NA
17:7260364_A>G	NA;NA	NA;NA	NA;NA	NA;0.166667	NA;NA	NA;NA
17:7930508_T>G	NA;0.500000	NA;0.500000	NA;0.428571	NA;0.470588	NA;0.500000	NA;0.466667
17:12992535_C>T	NA;NA	NA;NA	NA;NA	NA;NA	NA;NA	NA;NA
17:17383354_T>G	NA;0.900000	NA;0.954545	NA;0.894737	NA;0.750000	NA;0.851852	NA;0.647059
17:17383355_A>T	NA;0.100000	NA;0.043478	NA;0.095238	NA;0.210526	NA;0.137931	NA;0.250000
17:18651641_A>G	NA;NA	NA;NA	0.500000;NA	NA;NA	NA;NA	NA;NA
17:19671939_G>A	NA;NA	NA;NA	NA;NA	NA;NA	NA;NA	NA;NA
17:50382880_G>C	NA;NA	NA;NA	NA;NA	NA;NA	NA;NA	NA;NA
17:59840588_C>A	NA;NA	NA;NA	NA;NA	NA;NA	NA;NA	NA;NA
17:59840589_C>A	NA;NA	NA;NA	NA;NA	NA;NA	NA;NA	NA;NA
17:59842094_T>G	0.962963;NA	0.807692;NA	0.772727;NA	0.848485;NA	0.862069;NA	0.846154;NA
17:59843014_T>C	NA;0.000000	NA;0.000000	NA;0.000000	NA;0.000000	NA;0.000000	NA;0.083333
17:59843015_A>G	NA;0.052632	NA;0.100000	NA;0.000000	NA;0.095238	NA;0.072727	NA;0.083333
17:59886472_C>A	NA;NA	NA;NA	NA;NA	NA;NA	0.600000;NA	NA;NA
17:64968348_C>T	NA;NA	NA;NA	NA;NA	NA;NA	NA;NA	NA;NA
17:68125666_C>T	NA;NA	0.200000;NA	0.333333;NA	NA;NA	0.444444;NA	NA;NA
17:75320122_A>G	NA;NA	NA;NA	NA;0.000000	NA;NA	NA;0.200000	NA;0.000000
17:75777610_T>C	NA;0.562500	NA;0.333333	NA;0.561404	NA;0.600000	NA;0.478261	NA;0.782609
17:75794012_C>G	NA;NA	NA;NA	NA;NA	NA;NA	NA;NA	NA;NA
17:77348465_A>G	NA;0.000000	NA;0.000000	NA;0.125000	NA;0.000000	NA;0.000000	NA;NA
18:733594_T>C	NA;NA	NA;NA	NA;NA	NA;NA	NA;NA	NA;NA
18:59158698_T>C	0.000000;NA	0.000000;NA	0.000000;NA	0.000000;NA	0.000000;NA	0.142857;NA
19:542009_A>T	NA;NA	NA;NA	NA;NA	NA;NA	NA;NA	NA;NA
19:583268_G>A	0.833333;NA	NA;NA	NA;NA	NA;NA	NA;NA	0.666667;NA
19:1088370_A>G	NA;NA	NA;NA	NA;NA	NA;NA	NA;0.200000	NA;0.000000
19:8262277_A>G	NA;NA	NA;NA	NA;NA	NA;NA	NA;NA	NA;NA
19:9136507_C>T	NA;0.800000	NA;NA	NA;NA	NA;NA	NA;NA	NA;NA
19:10111179_C>T	0.800000;NA	NA;NA	NA;NA	NA;NA	NA;NA	NA;NA
19:10115101_A>G	NA;0.714286	NA;NA	NA;NA	NA;NA	NA;NA	NA;0.727273
19:10115580_A>G	NA;0.750000	NA;0.400000	NA;0.666667	NA;0.714286	NA;NA	NA;0.636364
19:10259814_T>A	1.000000;NA	NA;NA	NA;NA	NA;NA	NA;NA	NA;NA
19:10259866_C>T	0.833333;NA	NA;NA	0.800000;NA	NA;NA	NA;NA	0.800000;NA
19:10391426_C>T	NA;NA	NA;NA	NA;NA	NA;NA	NA;NA	NA;0.666667
19:16102844_A>C	NA;NA	0.571429;NA	0.375000;NA	0.400000;NA	0.500000;NA	NA;NA
19:16102851_T>C	NA;NA	0.857143;NA	0.666667;NA	0.200000;NA	0.500000;NA	NA;NA
19:16102852_A>C	NA;NA	0.571429;NA	0.444444;NA	0.200000;NA	0.700000;NA	NA;NA
19:16102854_T>C	NA;NA	0.428571;NA	0.666667;NA	0.000000;NA	0.400000;NA	NA;NA
19:16646735_T>C	NA;NA	NA;NA	NA;0.857143	NA;NA	NA;NA	NA;NA
19:18307124_A>G	NA;NA	NA;0.000000	NA;0.000000	NA;0.000000	NA;0.111111	NA;0.000000
19:18388970_A>G	0.125000;NA	0.200000;NA	0.500000;NA	0.625000;NA	0.692308;NA	NA;NA
19:18389005_G>C	0.266667;NA	0.166667;NA	0.500000;NA	0.500000;NA	0.727273;NA	0.200000;NA
19:18389048_T>C	0.500000;NA	0.000000;NA	0.363636;NA	0.428571;NA	0.625000;NA	0.200000;NA
19:18575154_G>T	0.326087;NA	0.264706;NA	0.277778;NA	0.333333;NA	0.178571;NA	0.333333;NA
19:18592267_T>C	0.800000;NA	0.166667;NA	NA;NA	0.400000;NA	0.625000;NA	NA;NA
19:19119673_T>C	NA;NA	NA;NA	NA;NA	NA;NA	NA;NA	NA;NA
19:19177092_T>C	NA;NA	NA;NA	NA;NA	NA;NA	NA;NA	NA;NA
19:29207385_G>A	NA;0.000000	NA;NA	NA;NA	NA;NA	NA;NA	NA;NA
19:35279628_T>C	NA;NA	0.000000;NA	NA;NA	0.200000;NA	NA;NA	NA;NA
19:37340814_A>G	NA;NA	NA;NA	NA;NA	NA;NA	NA;NA	NA;NA
19:40447792_C>T	NA;NA	NA;NA	NA;NA	NA;NA	NA;NA	NA;0.666667
19:40796801_C>T	NA;NA	NA;NA	NA;NA	0.600000;NA	0.400000;NA	NA;NA
19:41386584_G>A	NA;NA	NA;NA	NA;NA	NA;NA	NA;NA	NA;NA
19:43460936_T>C	NA;0.444444	NA;0.400000	NA;NA	NA;NA	NA;NA	NA;0.333333
19:47755460_A>G	NA;NA	NA;NA	1.000000;NA	NA;NA	NA;NA	NA;NA
19:47755515_G>A	0.555556;NA	0.714286;NA	0.750000;NA	NA;NA	0.600000;NA	0.384615;NA
19:49492279_G>A	NA;NA	NA;NA	0.000000;NA	NA;NA	0.500000;NA	0.250000;NA
19:49492300_T>C	NA;NA	NA;NA	NA;NA	NA;NA	NA;NA	NA;NA
19:49492305_G>A	NA;NA	NA;NA	NA;NA	NA;NA	NA;NA	NA;NA
19:49659652_C>G	NA;NA	NA;NA	NA;NA	NA;NA	NA;NA	NA;NA
19:49933723_G>A	NA;NA	NA;NA	NA;NA	NA;NA	NA;NA	NA;NA
19:50506116_C>T	NA;0.000000	NA;0.125000	NA;0.000000	NA;0.000000	NA;0.000000	NA;0.200000
19:50797899_A>C	NA;NA	NA;NA	NA;NA	NA;NA	NA;NA	NA;NA
19:55453097_T>C	NA;0.545455	NA;NA	NA;0.375000	NA;0.857143	NA;1.000000	NA;NA
19:55453187_C>A	NA;0.333333	NA;NA	NA;0.500000	NA;1.000000	NA;0.615385	NA;0.500000
2:9271111_A>T	NA;NA	NA;NA	NA;0.500000	NA;NA	NA;NA	NA;NA
2:24947620_T>C	NA;NA	NA;NA	NA;NA	NA;NA	NA;NA	NA;NA
2:27444053_T>G	NA;NA	NA;NA	NA;NA	NA;NA	NA;NA	NA;NA
2:32396950_A>G	NA;NA	NA;NA	NA;NA	NA;NA	NA;NA	NA;NA
2:32396962_A>G	NA;NA	NA;NA	NA;NA	NA;NA	NA;NA	NA;NA
2:32396975_A>G	NA;NA	NA;NA	NA;NA	NA;NA	NA;NA	NA;NA
2:32396980_A>G	NA;NA	NA;NA	NA;NA	NA;NA	NA;NA	NA;NA
2:53958004_A>G	NA;NA	NA;NA	NA;NA	NA;NA	NA;NA	NA;NA
2:62135860_T>C	NA;NA	NA;NA	0.833333;NA	NA;NA	NA;NA	0.600000;NA
2:69901502_T>C	NA;NA	NA;NA	NA;NA	NA;NA	NA;NA	NA;NA
2:70297445_G>A	NA;NA	NA;0.800000	NA;NA	NA;0.333333	NA;NA	NA;NA
2:73729997_A>G	NA;NA	NA;NA	NA;NA	NA;NA	NA;NA	NA;0.571429
2:73958749_A>T	0.428571;NA	NA;NA	NA;NA	0.800000;NA	0.666667;NA	0.600000;NA
2:85581748_C>T	0.500000;NA	0.400000;NA	0.714286;NA	0.444444;NA	0.750000;NA	0.428571;NA
2:85581859_T>C	0.687500;NA	0.487179;NA	0.589744;NA	0.600000;NA	0.347826;NA	0.526316;NA
2:105398072_A>G	NA;NA	NA;NA	NA;NA	NA;NA	NA;NA	NA;NA
2:112588903_G>A	0.200000;NA	0.444444;NA	0.444444;NA	0.615385;NA	0.411765;NA	NA;NA
2:131484131_C>T	NA;0.300000	NA;0.187500	NA;0.200000	NA;0.375000	NA;0.379310	NA;0.125000
2:131484158_T>C	NA;0.285714	NA;0.076923	NA;0.125000	NA;0.333333	NA;0.320000	NA;0.250000
2:149569848_T>C	NA;NA	NA;NA	NA;NA	NA;NA	NA;0.400000	NA;0.600000
2:171517239_G>A	NA;NA	NA;NA	NA;NA	NA;NA	NA;0.166667	NA;0.000000
2:180872704_T>C	NA;0.039216	NA;0.064103	NA;0.064516	NA;0.089109	NA;0.046512	NA;0.000000
2:200389233_A>G	NA;NA	NA;NA	NA;NA	NA;NA	0.200000;NA	NA;NA
2:203191318_T>C	NA;NA	0.000000;NA	NA;NA	NA;NA	0.266667;NA	0.166667;NA
2:203191319_G>A	NA;NA	0.363636;NA	0.571429;NA	NA;NA	0.380952;NA	0.375000;NA
2:203191336_G>A	NA;NA	NA;NA	NA;NA	NA;NA	1.000000;NA	NA;NA
2:203488403_G>A	NA;NA	NA;NA	NA;NA	NA;NA	NA;NA	NA;NA
2:216501463_C>A	0.000000;NA	0.090909;NA	0.375000;NA	0.300000;NA	NA;NA	0.166667;NA
2:218249847_G>A	NA;NA	0.333333;NA	0.600000;NA	0.571429;NA	0.333333;NA	NA;NA
2:238238395_C>G	NA;NA	NA;NA	NA;NA	NA;NA	NA;NA	NA;NA
20:1369114_G>A	NA;NA	NA;NA	NA;0.000000	NA;NA	NA;NA	NA;NA
20:18763739_T>C	NA;NA	0.400000;NA	NA;NA	NA;NA	0.500000;NA	NA;NA
20:24932866_T>C	NA;NA	NA;NA	NA;NA	NA;NA	NA;NA	1.000000;NA
20:32293131_A>G	NA;NA	NA;NA	NA;NA	NA;NA	NA;NA	NA;NA
20:32398856_G>A	NA;0.060606	NA;0.000000	NA;0.312500	NA;0.611111	NA;0.037037	NA;0.272727
20:32398862_G>T	NA;0.000000	NA;0.000000	NA;0.000000	NA;0.000000	NA;0.185185	NA;0.000000
20:32398889_G>A	NA;0.060606	NA;0.000000	NA;0.312500	NA;0.111111	NA;0.037037	NA;0.000000
20:32398889_G>T	NA;0.000000	NA;0.000000	NA;0.000000	NA;0.529412	NA;0.000000	NA;0.000000
20:38077098_A>G	NA;NA	NA;NA	NA;NA	NA;NA	NA;NA	NA;NA
20:45367240_T>G	NA;NA	NA;NA	NA;NA	NA;NA	NA;NA	NA;NA
20:59034535_A>G	NA;NA	NA;0.888889	NA;NA	NA;NA	NA;NA	NA;NA
20:59035004_C>A	NA;NA	NA;0.166667	NA;0.100000	NA;0.333333	NA;0.250000	NA;0.470588
20:62799899_A>C	NA;NA	0.800000;NA	NA;NA	NA;NA	0.625000;NA	0.200000;NA
20:63095708_C>G	NA;NA	NA;NA	NA;NA	NA;0.300000	NA;NA	NA;NA
20:63521941_G>C	0.937500;NA	0.875000;NA	0.852941;NA	0.851852;NA	0.840909;NA	0.842105;NA
20:64032933_G>A	NA;NA	NA;NA	NA;NA	NA;NA	NA;NA	0.200000;NA
21:40383060_C>G	NA;NA	NA;NA	NA;NA	NA;NA	NA;NA	NA;NA
21:40383066_T>C	0.000000;NA	0.025000;NA	0.000000;NA	0.000000;NA	0.026316;NA	0.071429;NA
21:40383168_A>G	0.000000;NA	0.000000;NA	0.041667;NA	0.000000;NA	0.000000;NA	0.000000;NA
21:46649785_T>C	0.000000;NA	0.285714;NA	0.000000;NA	0.000000;NA	0.000000;NA	0.000000;NA
22:20127203_T>G	1.000000;NA	NA;NA	NA;NA	NA;NA	NA;NA	NA;NA
22:21644186_G>A	0.000000;NA	0.000000;NA	0.000000;NA	0.000000;NA	0.000000;NA	0.050000;NA
22:24568160_T>C	0.200000;NA	NA;NA	0.285714;NA	NA;NA	NA;NA	0.600000;NA
22:41459908_A>C	NA;NA	NA;NA	NA;0.400000	NA;NA	NA;NA	NA;NA
3:37053168_A>G	NA;NA	NA;NA	NA;NA	NA;NA	NA;NA	NA;NA
3:40462275_G>A	0.214286;NA	0.000000;NA	0.076923;NA	0.000000;NA	NA;NA	0.083333;NA
3:40462277_C>A	0.333333;NA	NA;NA	0.090909;NA	0.285714;NA	NA;NA	0.363636;NA
3:51389119_G>A	0.263158;NA	0.000000;NA	0.062500;NA	0.200000;NA	0.111111;NA	0.000000;NA
3:53885172_C>A	NA;NA	NA;NA	NA;NA	NA;NA	NA;NA	NA;NA
3:61742424_G>T	NA;0.777778	NA;0.750000	NA;0.900000	NA;0.647059	NA;0.666667	NA;0.666667
3:128081140_A>C	NA;NA	NA;NA	NA;NA	NA;NA	NA;NA	NA;NA
3:128620110_T>C	NA;NA	NA;NA	NA;NA	NA;NA	NA;NA	NA;NA
3:128620228_A>G	NA;NA	NA;NA	NA;NA	NA;NA	NA;NA	NA;NA
3:129314893_T>C	NA;NA	NA;NA	NA;NA	NA;NA	NA;NA	NA;0.750000
3:129315014_G>A	NA;NA	NA;NA	NA;NA	NA;NA	NA;NA	NA;0.812500
3:141925932_G>C	NA;NA	NA;NA	NA;NA	NA;NA	NA;NA	NA;NA
3:149027449_A>G	NA;NA	NA;NA	NA;NA	NA;NA	0.333333;NA	NA;NA
3:150566025_C>A	NA;NA	NA;NA	NA;NA	NA;NA	NA;NA	NA;NA
3:161344801_A>G	NA;NA	NA;NA	NA;NA	NA;NA	NA;NA	NA;NA
3:161344843_T>C	NA;NA	NA;NA	NA;0.714286	NA;0.875000	NA;NA	NA;NA
3:161345060_G>A	NA;NA	NA;NA	NA;0.500000	NA;0.800000	NA;1.000000	NA;NA
3:188232784_G>A	NA;NA	NA;NA	NA;NA	NA;NA	NA;0.625000	NA;NA
4:2042401_C>T	NA;NA	NA;NA	NA;NA	NA;NA	0.857143;NA	NA;NA
4:2250474_C>T	NA;NA	NA;NA	NA;NA	NA;NA	NA;0.166667	NA;NA
4:25929703_G>A	1.000000;NA	NA;NA	NA;NA	NA;NA	0.571429;NA	0.400000;NA
4:39551555_A>G	NA;NA	NA;0.333333	NA;0.000000	NA;0.222222	NA;NA	NA;NA
4:48861046_A>G	NA;NA	NA;NA	NA;NA	NA;NA	NA;NA	NA;NA
4:48885387_G>T	NA;NA	NA;NA	NA;0.600000	NA;NA	NA;NA	NA;NA
4:61869339_C>T	0.033333;NA	0.000000;NA	0.024390;NA	0.008403;NA	0.037736;NA	0.187500;NA
4:61869349_A>T	0.000000;NA	0.000000;NA	0.000000;NA	0.016807;NA	0.169811;NA	0.225806;NA
4:61869352_A>T	0.000000;NA	0.048387;NA	0.000000;NA	0.016807;NA	0.000000;NA	0.156250;NA
4:61869355_T>C	0.000000;NA	0.000000;NA	0.050000;NA	0.008475;NA	0.000000;NA	0.156250;NA
4:61869356_T>G	0.000000;NA	0.111111;NA	0.000000;NA	0.000000;NA	0.056604;NA	0.033333;NA
4:61869357_G>C	0.000000;NA	0.047619;NA	0.000000;NA	0.016949;NA	0.000000;NA	0.156250;NA
4:61869362_G>T	0.000000;NA	0.000000;NA	0.000000;NA	0.016949;NA	0.176471;NA	0.218750;NA
4:61869364_C>A	0.172414;NA	0.500000;NA	0.184211;NA	0.150943;NA	0.173913;NA	0.038462;NA
4:61869364_C>T	0.040000;NA	0.384615;NA	0.074627;NA	0.126214;NA	0.136364;NA	0.193548;NA
4:61869365_G>A	0.166667;NA	0.016667;NA	0.012195;NA	0.034483;NA	0.037736;NA	0.370370;NA
4:61869370_G>A	0.033333;NA	0.111111;NA	0.037037;NA	0.119658;NA	0.080000;NA	0.032258;NA
4:61869373_T>C	0.214286;NA	0.500000;NA	0.358025;NA	0.296610;NA	0.596154;NA	0.290323;NA
4:61869380_T>C	0.192308;NA	0.120690;NA	0.402597;NA	0.162393;NA	0.420000;NA	0.633333;NA
4:77048097_C>T	NA;0.000000	NA;0.111111	NA;NA	NA;0.000000	NA;0.384615	NA;NA
4:78610154_C>T	NA;NA	NA;NA	NA;NA	NA;NA	NA;NA	NA;NA
4:82354151_C>T	NA;NA	NA;NA	NA;NA	NA;NA	NA;NA	NA;NA
4:88521107_C>T	NA;NA	NA;NA	NA;NA	NA;NA	NA;0.200000	NA;NA
4:90838719_C>T	NA;NA	NA;NA	NA;NA	NA;NA	NA;NA	NA;NA
4:101348727_C>T	NA;NA	NA;NA	NA;NA	NA;NA	NA;NA	NA;NA
4:108667436_T>G	NA;NA	NA;NA	NA;NA	NA;NA	NA;NA	NA;NA
4:165342924_A>G	0.000000;NA	NA;NA	NA;NA	NA;NA	NA;NA	NA;NA
5:442199_C>T	NA;NA	NA;NA	NA;NA	NA;NA	NA;NA	NA;NA
5:1798532_A>G	NA;0.166667	NA;NA	NA;0.000000	NA;NA	NA;0.000000	NA;0.000000
5:10759879_T>C	NA;NA	NA;NA	NA;NA	NA;NA	NA;NA	NA;NA
5:10759893_T>C	NA;NA	NA;NA	NA;NA	NA;NA	NA;NA	NA;NA
5:10759948_T>C	NA;NA	NA;NA	NA;NA	NA;NA	NA;0.400000	NA;NA
5:10760005_T>C	NA;NA	NA;NA	NA;NA	NA;NA	NA;NA	NA;NA
5:17822452_A>G	NA;NA	NA;NA	NA;NA	NA;NA	NA;NA	NA;NA
5:132371117_C>T	NA;NA	NA;0.000000	NA;NA	NA;NA	NA;0.000000	NA;0.166667
5:132866661_G>T	NA;NA	NA;NA	NA;NA	NA;NA	NA;NA	NA;NA
5:139683578_G>C	NA;NA	NA;NA	NA;NA	NA;NA	NA;NA	NA;NA
5:139683579_G>A	NA;NA	NA;NA	NA;NA	NA;NA	NA;NA	NA;NA
5:139683589_T>A	NA;NA	NA;NA	NA;NA	NA;NA	NA;NA	NA;NA
5:139683590_G>A	NA;NA	NA;NA	NA;NA	NA;NA	NA;NA	NA;NA
5:140245279_T>C	NA;NA	NA;NA	NA;0.875000	NA;NA	NA;NA	NA;0.571429
5:140245285_A>G	NA;NA	NA;NA	NA;0.833333	NA;NA	NA;NA	NA;0.571429
5:177306615_T>C	0.300000;NA	0.454545;NA	0.250000;NA	0.400000;NA	0.173913;NA	0.000000;NA
5:179823204_G>A	NA;NA	NA;NA	0.777778;NA	NA;NA	NA;NA	0.500000;NA
6:21598493_G>A	NA;NA	NA;NA	NA;NA	NA;NA	0.285714;NA	NA;NA
6:34246545_C>G	NA;NA	NA;0.384615	NA;0.200000	NA;NA	NA;NA	NA;0.571429
6:36602589_T>C	0.400000;NA	NA;NA	0.444444;NA	NA;NA	NA;NA	NA;NA
6:36602629_C>A	0.000000;NA	NA;NA	0.000000;NA	NA;NA	NA;NA	NA;NA
6:38676232_T>G	NA;NA	NA;NA	NA;0.500000	NA;NA	NA;NA	NA;NA
6:42126505_C>T	NA;NA	NA;NA	NA;NA	NA;NA	NA;NA	NA;NA
6:44113773_C>T	NA;0.400000	NA;0.428571	NA;0.285714	NA;0.857143	NA;0.571429	NA;0.444444
6:44113981_G>A	NA;0.142857	NA;NA	NA;0.600000	NA;0.500000	NA;0.428571	NA;NA
6:44253667_G>C	0.466667;NA	0.416667;NA	0.516129;NA	NA;NA	0.705882;NA	0.428571;NA
6:85665900_T>C	NA;NA	NA;NA	NA;NA	NA;NA	NA;NA	NA;NA
6:85678170_G>T	NA;NA	NA;0.800000	NA;NA	NA;NA	NA;NA	NA;NA
6:110967565_G>T	NA;NA	NA;NA	NA;NA	NA;NA	0.800000;NA	NA;NA
6:116277690_A>G	NA;NA	NA;NA	NA;NA	NA;NA	0.571429;NA	NA;NA
6:132814747_A>G	0.000000;NA	0.400000;NA	NA;NA	NA;NA	0.375000;NA	NA;NA
6:138092132_A>G	NA;NA	NA;NA	NA;NA	NA;NA	NA;NA	NA;NA
6:138092196_G>C	NA;NA	NA;NA	NA;NA	NA;NA	NA;NA	NA;NA
6:143679991_A>G	NA;NA	NA;NA	NA;NA	NA;NA	NA;NA	NA;NA
7:44212419_C>G	NA;NA	0.142857;NA	0.428571;NA	0.181818;NA	0.500000;NA	NA;NA
7:44834383_G>A	NA;NA	NA;0.181818	NA;0.166667	NA;0.625000	NA;0.166667	NA;NA
7:45100293_G>A	NA;0.857143	NA;NA	NA;NA	NA;NA	NA;NA	NA;NA
7:45100320_A>C	NA;0.857143	NA;NA	NA;NA	NA;NA	NA;NA	NA;0.200000
7:98291311_A>G	0.875000;NA	0.666667;NA	0.625000;NA	0.833333;NA	0.809524;NA	1.000000;NA
7:99396031_G>T	NA;NA	NA;NA	NA;NA	NA;NA	NA;NA	NA;NA
7:101314989_T>C	NA;0.000000	NA;NA	NA;NA	NA;NA	NA;0.500000	NA;1.000000
7:101315043_A>C	NA;NA	NA;NA	NA;NA	NA;NA	NA;NA	NA;NA
7:102473300_C>G	NA;NA	NA;NA	NA;NA	NA;NA	NA;1.000000	NA;NA
7:102473559_C>T	NA;0.733333	NA;0.666667	NA;0.631579	NA;0.714286	NA;0.545455	NA;0.714286
7:102555058_T>C	NA;NA	0.000000;NA	0.142857;NA	0.181818;NA	0.250000;NA	0.400000;NA
7:129299559_A>G	NA;NA	NA;NA	NA;NA	NA;NA	NA;NA	NA;NA
7:129299560_A>G	NA;NA	NA;NA	NA;NA	NA;NA	NA;NA	NA;NA
7:133034530_T>A	NA;0.000000	NA;0.066667	NA;0.000000	NA;0.222222	NA;0.000000	NA;0.062500
7:133034531_C>T	NA;0.200000	NA;0.312500	NA;0.300000	NA;0.222222	NA;0.428571	NA;0.312500
8:6709399_T>A	NA;NA	NA;NA	NA;NA	NA;NA	NA;NA	NA;NA
8:11838843_T>C	NA;NA	NA;NA	NA;NA	NA;NA	NA;NA	NA;NA
8:38388439_A>G	NA;NA	NA;NA	0.666667;NA	NA;NA	NA;NA	NA;NA
8:41510089_T>C	NA;NA	NA;NA	NA;NA	NA;NA	NA;NA	NA;NA
8:42907684_C>T	NA;NA	NA;NA	NA;NA	NA;NA	NA;NA	NA;NA
8:73874170_G>T	0.139860;NA	0.108108;NA	0.241379;NA	0.097046;NA	0.069149;NA	0.246377;NA
8:73874172_C>G	0.141892;NA	0.000000;NA	0.000000;NA	0.000000;NA	0.000000;NA	0.000000;NA
8:73874175_T>G	0.140940;NA	0.108108;NA	0.218659;NA	0.075000;NA	0.055276;NA	0.232877;NA
8:73874195_G>C	0.134228;NA	0.108108;NA	0.225225;NA	0.075314;NA	0.060302;NA	0.236111;NA
8:73874197_C>T	0.042254;NA	0.081081;NA	0.146199;NA	0.101322;NA	0.088542;NA	0.027778;NA
8:73874202_C>T	0.209459;NA	0.194444;NA	0.315315;NA	0.218182;NA	0.122449;NA	0.333333;NA
8:73874206_C>T	0.292517;NA	0.093458;NA	0.161585;NA	0.157658;NA	0.166667;NA	0.188406;NA
8:73874207_G>A	0.026667;NA	0.054054;NA	0.075802;NA	0.192308;NA	0.080808;NA	0.041096;NA
8:119243529_T>C	0.000000;NA	0.000000;NA	0.000000;NA	0.035714;NA	0.000000;NA	NA;NA
8:120395956_T>C	NA;0.454545	NA;NA	NA;NA	NA;NA	NA;NA	NA;NA
8:123015388_T>C	NA;0.666667	NA;NA	NA;0.714286	NA;NA	NA;NA	NA;0.714286
8:127860562_A>G	NA;NA	NA;NA	NA;NA	NA;NA	NA;NA	NA;NA
8:127932644_G>A	NA;NA	NA;NA	NA;NA	NA;NA	NA;NA	NA;NA
8:128021500_A>G	NA;NA	NA;NA	NA;NA	NA;NA	NA;NA	NA;NA
8:143580183_G>A	NA;0.388889	NA;0.526316	NA;0.482759	NA;0.611111	NA;0.400000	NA;0.560000
8:143993299_G>T	NA;NA	0.428571;NA	0.400000;NA	NA;NA	0.428571;NA	NA;NA
8:144107469_C>T	0.400000;NA	0.500000;NA	NA;NA	NA;NA	0.500000;NA	0.600000;NA
9:110244140_A>G	NA;0.618182	NA;0.765625	NA;0.772358	NA;0.829268	NA;0.810526	NA;0.663265
9:113351966_C>T	NA;NA	NA;NA	NA;NA	NA;0.333333	NA;NA	NA;NA
9:122144177_C>T	NA;NA	NA;0.666667	NA;0.600000	NA;0.333333	NA;0.428571	NA;0.833333
9:123104768_C>T	NA;NA	NA;NA	NA;NA	NA;NA	NA;NA	NA;NA
9:124351381_A>G	NA;NA	NA;NA	NA;NA	NA;NA	NA;NA	NA;NA
9:133058374_C>T	NA;NA	NA;NA	NA;NA	NA;NA	NA;NA	0.600000;NA
9:133360384_G>A	NA;NA	0.833333;NA	0.833333;NA	NA;NA	0.500000;NA	1.000000;NA
9:133362957_C>G	NA;NA	NA;NA	NA;NA	NA;NA	NA;NA	NA;NA
9:136673235_G>A	NA;NA	NA;0.444444	NA;NA	NA;NA	NA;NA	NA;NA
9:136724914_C>G	NA;NA	NA;NA	NA;0.000000	NA;NA	NA;NA	NA;0.250000
9:137039655_G>A	NA;0.600000	NA;0.800000	NA;0.533333	NA;0.636364	NA;0.400000	NA;0.888889
9:137226136_G>C	0.000000;NA	NA;NA	NA;NA	NA;NA	NA;NA	NA;NA
X:23783898_T>C	0.000000;NA	0.000000;NA	0.000000;NA	0.076923;NA	0.000000;NA	0.000000;NA
X:154053929_A>G	NA;NA	NA;NA	NA;NA	NA;NA	NA;NA	NA;NA
