SNV	AAAGGATCAGCCCACA	AAAGGTACACAACGCC	AAAGGTATCTTCGGAA	AACCACACACCATATG	AACGAAAAGTACCATC	AACGAAAGTAGGCTGA	AAGATAGGTTGGGAAC	AATCACGCACAAGCCC	AATGACCTCCCTAGGG	ACAGAAACAGTGGCTC	ACAGGGAGTCAAATCC	ACAGGGAGTGTTGAGG	AGAACAAAGTAACAGT	AGACCATCACACGTGC	AGAGCCCGTTCTTGTT	AGGCCACGTCGTCAGC	AGGGTTTTCTAAACGC	AGTAGTCAGCCGTAAG	AGTCAACAGCCTCAGC	AGTCATGCACACCTTC	ATAGAGATCAAACGTC	ATCACGATCAACTACG	ATCAGGTTCTTCGGAA	ATCGTGACATCGCTCT	ATTCACTCAAAGCAAT	ATTCTTGCACTGCACG	CAAGCTAGTCACGACC	CAATGACTCAGATTGC	CAGCCAGTCTCTGGTC	CAGGGCTAGCAAGTGC	CATCGTCAGGAACGCT	CCGGGTACAGACTCTA	CCGTGAGTCTCCCTAG	CCTACGTTCTGCCCTA	CGAGAAGGTGACTGTT	CGCATAAGTGGCTACC	CGCGTGACAGCAATTC	CGGAATTTCTCAGAAC	CTAACCCGTGTAAATG	CTAACTTTCTCGTTTA	CTATCCGCAGCTTTGA	CTCCATGGTGCCCTTT	CTCTCAGAGTACCGGA	CTCTCAGCAAACGAGC	CTGATCCAGCAGCGAT	CTGTAGACAACAAGTA	CTGTATTGTAACATCC	CTGTATTTCTTCTTCC	GAAACCTAGGATTCAA	GAAACCTCATACCATG	GAAGAATTCGAAGTGG	GAAGTAAAGCAAATGT	GACATCAAGAAATCCA	GACCGTGCAAGAATAC	GATCACAAGACTCAAA	GATTTCTGTAACGGTG	GCCAGTGCATAGGCGA	GCCTGTTTCTGAATCG	GGTAATCAGGCTCTCG	GGTGATTAGTCCGCCA	GGTGATTTCGTAACAC	GTAAGTCCAGCAGATG	GTAGAGGAGGAAGTCC	GTAGAGGGTTGCTCAA	GTCAGCGCAATGAAAC	GTGCACGGTTCTCCAC	GTGGCGTAGGATCATA	GTTCCGTAGTTCATGC	GTTCTATGTAGCTGTT	TACTGCCAGACTAAGT	TACTTACGTCCAGTTA	TAGTGCACAATCCTAG	TATCAGGCACGCTGCA	TCAGCAAGTGAATTAG	TCAGGTAAGACCAACG	TCATTTGCAATAGTAG	TCCACCATCTGTCCCA	TCTACCGTCTTTCCGG	TGAACGTCAAATACGA	TGCACGGGTGTGCTTA	TGCTCGTCAGGGAATC	TGCTTGCCAAATGGAT	TGGAGAGAGCTGACCC	TGGATCACATCGCTCT	TGGATGTAGTCACGAG	TGGTACAGTTTCGCTC	TGGTTAGCACATGGTT	TGTAACGGTCAACGCC	TGTTCCGAGAAGCGAA	TTAATCCTCTGTTCAT	TTAGGCAAGGAGGTTC	TTCAATCCAAAGGGCT	TTCCTCTAGAATCTAG	TTCCTCTGTCATAGTC	TTCTAACAGAAATTGC	TTGCATTGTGGCTAGA	TTTGGTTTCTGAGCAT	TTTGTTGGTTGAATCC
17:1400164_C>G	1.000000	0.000000	NA	NA	NA	NA	NA	0.000000	0.000000	NA	NA	NA	0.750000	0.200000	0.857143	0.333333	1.000000	0.000000	NA	NA	1.000000	NA	0.714286	0.500000	NA	0.181818	0.000000	0.000000	0.666667	0.000000	0.000000	0.500000	0.125000	NA	NA	NA	NA	0.000000	NA	0.000000	0.000000	NA	NA	NA	0.333333	0.750000	0.250000	NA	NA	0.000000	NA	0.250000	NA	0.333333	0.166667	NA	0.000000	0.500000	NA	NA	NA	0.400000	NA	NA	0.600000	0.857143	NA	0.400000	NA	0.200000	NA	NA	NA	0.142857	0.000000	NA	0.850000	0.000000	NA	0.666667	NA	NA	0.666667	NA	1.000000	NA	0.000000	NA	NA	0.666667	0.454545	0.500000	0.333333	NA	NA	0.333333	0.500000	0.600000
17:3665176_G>T	0.285714	0.000000	0.222222	NA	NA	0.000000	NA	NA	NA	NA	0.400000	NA	0.000000	NA	NA	NA	NA	NA	0.000000	NA	0.400000	NA	NA	0.750000	NA	0.000000	NA	0.000000	0.062500	NA	NA	0.625000	0.142857	NA	NA	NA	NA	NA	NA	0.090909	NA	NA	NA	NA	0.500000	0.142857	NA	NA	NA	0.000000	NA	0.125000	0.333333	NA	NA	0.666667	0.000000	NA	NA	NA	NA	NA	NA	NA	NA	0.250000	NA	0.000000	NA	0.800000	NA	NA	NA	NA	NA	NA	NA	0.000000	NA	0.333333	0.666667	NA	NA	NA	NA	NA	0.000000	NA	NA	0.000000	0.400000	NA	0.000000	NA	NA	NA	0.000000	NA
17:3897701_T>C	NA	0.000000	0.000000	1.000000	NA	NA	1.000000	NA	NA	NA	NA	NA	NA	NA	1.000000	NA	NA	NA	NA	NA	NA	NA	NA	NA	NA	NA	NA	NA	1.000000	NA	NA	NA	NA	NA	NA	NA	0.000000	NA	NA	NA	0.555556	NA	NA	NA	NA	NA	NA	NA	NA	NA	NA	NA	NA	NA	NA	NA	NA	0.000000	NA	NA	NA	NA	NA	NA	0.000000	NA	NA	NA	0.000000	1.000000	NA	NA	NA	NA	NA	NA	NA	NA	NA	NA	1.000000	NA	0.000000	NA	NA	NA	NA	NA	NA	NA	NA	NA	NA	NA	NA	NA	NA	NA
17:4798107_C>T	0.360360	0.517241	0.550000	0.466667	0.588235	0.574074	0.800000	0.545455	0.750000	0.541667	0.291667	0.392857	0.500000	0.190476	0.516129	1.000000	0.000000	0.527273	0.714286	0.393443	0.491379	0.583333	0.510204	0.467532	0.600000	0.493671	0.472222	0.369231	0.463087	0.142857	0.076923	0.395349	0.277778	0.000000	0.600000	NA	0.620690	0.461538	NA	0.558974	0.500000	0.390244	0.076923	0.476190	0.200000	0.366972	0.325000	0.928571	0.666667	0.381818	0.568627	0.427746	0.357143	0.916667	0.461538	0.320000	0.354167	NA	0.268293	0.333333	0.833333	0.555556	0.666667	0.000000	0.750000	0.720000	0.200000	0.266667	NA	0.609467	0.416667	0.619048	1.000000	1.000000	0.800000	NA	0.517241	0.892857	0.833333	0.187500	0.285714	0.470588	0.137931	0.307692	0.823529	1.000000	0.337143	NA	0.800000	0.593407	0.517857	0.428571	0.555556	0.285714	0.560000	0.176471	0.411765	0.545455
17:4937573_G>A	0.000000	NA	1.000000	1.000000	0.300000	0.750000	1.000000	0.000000	NA	0.000000	NA	NA	NA	1.000000	NA	NA	NA	1.000000	NA	NA	0.000000	0.000000	NA	0.680000	NA	0.217391	NA	0.000000	0.600000	NA	NA	NA	NA	NA	0.000000	NA	1.000000	NA	NA	0.157895	NA	NA	0.750000	0.526316	0.000000	0.250000	NA	0.538462	NA	0.705882	0.000000	0.307692	NA	NA	0.000000	NA	0.500000	1.000000	0.000000	NA	0.000000	0.285714	1.000000	NA	1.000000	1.000000	0.250000	NA	NA	0.523810	NA	NA	0.750000	0.000000	NA	NA	NA	0.000000	NA	1.000000	NA	1.000000	1.000000	NA	0.000000	NA	0.750000	NA	0.666667	NA	1.000000	NA	0.312500	NA	NA	0.333333	0.437500	NA
17:4945906_C>T	0.602410	0.357143	0.531250	0.562500	0.666667	0.703704	0.569620	0.428571	NA	0.431034	0.434783	0.271429	0.368421	0.392857	0.600000	0.428571	1.000000	1.000000	0.288462	0.455357	0.641026	0.472727	0.434783	0.639640	0.701493	0.516667	0.384615	0.421053	0.454545	0.746032	0.604790	0.557576	0.625000	NA	0.393939	NA	0.715686	0.600000	NA	0.473684	0.357143	0.250000	0.371429	0.569231	0.467742	0.551724	0.456522	0.789474	0.333333	0.543529	0.866667	0.595556	0.660000	NA	0.570248	0.559441	0.518072	0.573529	0.547619	NA	0.680000	0.577778	0.507246	0.603175	0.537500	0.376147	0.134615	0.506173	0.500000	0.643478	0.512195	0.449275	0.640000	0.578947	0.601695	0.372881	0.473684	0.353659	0.782609	0.512500	0.604938	0.578947	0.552381	0.500000	0.492958	NA	0.569231	0.777778	0.504587	0.241379	0.641873	0.000000	0.405229	0.609195	0.790698	0.500000	0.609375	0.451923
17:7224682_C>T	0.000000	NA	NA	NA	NA	NA	NA	NA	NA	NA	NA	NA	0.000000	NA	0.000000	NA	NA	0.000000	NA	NA	NA	NA	NA	0.000000	NA	0.000000	0.000000	0.000000	0.000000	NA	NA	NA	NA	NA	NA	0.000000	NA	NA	NA	0.000000	0.000000	NA	1.000000	NA	NA	NA	NA	0.000000	NA	0.000000	0.000000	0.000000	0.000000	NA	0.333333	NA	0.000000	0.000000	NA	NA	NA	0.000000	NA	NA	0.000000	NA	NA	NA	NA	0.000000	NA	NA	NA	NA	NA	NA	NA	0.666667	NA	0.000000	NA	NA	NA	NA	NA	NA	0.000000	NA	NA	0.000000	NA	NA	NA	1.000000	NA	NA	0.000000	NA
17:7240827_C>A	0.500000	0.625000	0.750000	0.666667	0.000000	0.500000	0.363636	0.363636	NA	NA	0.700000	0.250000	0.500000	NA	0.000000	NA	NA	0.500000	0.600000	0.500000	0.636364	0.300000	0.333333	NA	0.000000	0.666667	NA	0.250000	0.666667	0.200000	0.636364	NA	0.500000	NA	0.555556	NA	0.777778	1.000000	NA	NA	0.750000	0.250000	0.900000	0.750000	NA	0.333333	0.166667	0.600000	NA	NA	0.250000	0.666667	NA	NA	0.666667	0.545455	0.680000	0.600000	0.461538	NA	0.388889	0.400000	0.400000	0.285714	0.714286	0.357143	0.857143	0.666667	NA	0.666667	1.000000	0.529412	0.714286	0.500000	0.777778	0.500000	0.062500	0.583333	NA	NA	0.500000	0.571429	0.666667	NA	0.666667	NA	0.600000	NA	0.444444	1.000000	0.666667	NA	NA	0.521739	0.500000	0.416667	0.400000	0.700000
17:7312217_T>C	0.357143	0.260870	0.367347	1.000000	0.067568	0.380952	0.285714	0.545455	0.351351	0.400000	0.000000	0.454545	0.295455	0.263158	0.583333	0.000000	0.000000	0.482759	0.555556	0.461538	0.223529	1.000000	0.567568	0.357955	0.000000	0.438356	0.647059	0.404255	0.544218	0.241379	0.424242	0.342466	0.389831	NA	0.241379	0.000000	0.538462	0.200000	NA	0.496063	0.653846	0.294118	0.300000	0.386364	0.066667	0.401961	0.700000	0.750000	0.350000	0.384615	0.557377	0.384236	0.600000	0.666667	0.033333	0.478261	0.393939	0.000000	0.666667	0.000000	0.666667	0.473684	0.206897	0.555556	0.280000	0.371429	0.307692	1.000000	1.000000	0.289720	0.000000	0.000000	0.709677	NA	0.437500	0.200000	0.418182	0.483871	NA	0.581818	0.166667	0.312500	0.642857	0.294118	0.071429	NA	0.507692	0.937500	0.000000	0.275862	0.542373	1.000000	0.558140	0.333333	0.416667	NA	0.300000	0.358974
17:7313221_G>A	NA	0.000000	0.000000	NA	0.800000	1.000000	1.000000	0.000000	NA	1.000000	NA	NA	NA	1.000000	NA	NA	NA	NA	NA	NA	0.222222	NA	NA	NA	NA	0.333333	0.700000	NA	0.142857	1.000000	0.000000	0.000000	NA	NA	0.000000	NA	0.833333	NA	NA	0.000000	NA	NA	NA	NA	1.000000	0.666667	0.333333	NA	NA	0.260870	NA	NA	NA	NA	NA	0.000000	NA	NA	0.333333	NA	NA	0.000000	1.000000	0.300000	NA	1.000000	NA	1.000000	0.000000	NA	NA	1.000000	NA	NA	0.500000	NA	1.000000	1.000000	NA	0.785714	0.000000	NA	0.000000	NA	0.000000	0.000000	0.800000	NA	NA	NA	0.666667	NA	1.000000	1.000000	NA	NA	NA	0.000000
17:7514346_C>T	1.000000	NA	NA	NA	NA	1.000000	NA	NA	NA	NA	NA	0.000000	NA	0.000000	NA	NA	NA	NA	NA	0.000000	NA	NA	NA	NA	NA	NA	NA	0.500000	0.214286	NA	NA	NA	NA	NA	1.000000	NA	1.000000	NA	1.000000	0.400000	NA	NA	1.000000	NA	0.666667	0.642857	NA	NA	0.000000	0.875000	1.000000	0.000000	NA	0.125000	1.000000	NA	1.000000	NA	NA	NA	NA	NA	NA	NA	0.000000	NA	0.000000	1.000000	0.333333	0.000000	1.000000	NA	NA	NA	NA	NA	0.384615	NA	NA	NA	NA	NA	NA	NA	0.000000	NA	0.000000	NA	0.000000	NA	0.000000	NA	0.000000	NA	NA	NA	NA	NA
17:7582008_A>C	NA	0.500000	NA	0.250000	NA	NA	0.500000	0.500000	NA	NA	0.000000	NA	NA	NA	NA	NA	NA	NA	NA	NA	NA	0.000000	NA	NA	NA	NA	NA	NA	NA	NA	0.333333	NA	NA	NA	0.333333	NA	0.500000	NA	NA	NA	NA	NA	0.400000	0.333333	NA	NA	NA	NA	NA	NA	NA	NA	NA	NA	0.200000	NA	0.000000	0.500000	0.500000	NA	0.250000	NA	0.666667	NA	0.500000	NA	NA	NA	NA	NA	NA	1.000000	0.000000	0.333333	NA	NA	0.333333	NA	NA	NA	0.142857	0.166667	0.500000	NA	0.000000	NA	NA	NA	0.000000	NA	NA	NA	NA	0.333333	NA	0.333333	NA	0.000000
17:7857242_G>C	0.000000	NA	NA	NA	NA	NA	NA	NA	NA	0.000000	NA	NA	NA	0.375000	NA	NA	NA	NA	NA	NA	0.000000	NA	NA	NA	NA	0.000000	NA	NA	0.000000	NA	0.000000	NA	0.666667	NA	NA	NA	NA	NA	NA	0.000000	NA	NA	NA	NA	NA	NA	0.000000	0.400000	NA	NA	NA	0.666667	NA	NA	NA	NA	NA	NA	NA	NA	NA	NA	NA	1.000000	NA	NA	0.000000	0.000000	NA	0.000000	NA	NA	NA	NA	NA	NA	NA	NA	NA	NA	NA	0.000000	NA	NA	0.000000	NA	0.166667	NA	NA	NA	NA	NA	NA	NA	NA	0.000000	NA	NA
17:7857255_A>C	NA	NA	NA	NA	NA	NA	NA	NA	NA	1.000000	NA	NA	NA	NA	NA	NA	NA	NA	NA	NA	0.000000	NA	NA	NA	NA	0.000000	NA	NA	NA	NA	0.666667	NA	NA	NA	NA	NA	NA	NA	NA	0.000000	NA	NA	NA	NA	NA	NA	0.000000	NA	NA	NA	NA	NA	NA	NA	NA	NA	NA	NA	NA	NA	NA	NA	NA	NA	NA	NA	NA	NA	NA	0.000000	NA	NA	NA	NA	NA	NA	NA	NA	NA	NA	NA	0.000000	NA	NA	0.666667	NA	NA	NA	NA	NA	NA	NA	NA	NA	NA	NA	NA	NA
17:7930502_A>T	0.583333	0.611111	0.714286	0.571429	0.818182	0.833333	0.666667	0.857143	NA	0.807692	NA	0.739130	0.800000	0.700000	0.857143	NA	0.600000	0.666667	1.000000	0.818182	0.562500	0.846154	0.600000	0.666667	0.666667	0.470588	0.400000	0.800000	0.578947	0.545455	0.636364	0.636364	0.514286	NA	0.625000	0.333333	1.000000	0.714286	NA	0.600000	0.733333	0.800000	0.333333	0.633333	0.333333	0.550000	0.538462	0.500000	0.600000	0.636364	0.702703	0.823529	0.416667	NA	0.812500	0.526316	0.620690	0.875000	0.600000	0.333333	0.250000	0.545455	0.800000	0.500000	0.529412	0.666667	0.705882	0.736842	0.800000	1.000000	0.800000	0.818182	0.705882	0.700000	0.666667	0.700000	0.684211	0.600000	0.416667	0.625000	0.545455	0.538462	0.700000	1.000000	0.650000	NA	0.593750	NA	0.428571	0.692308	0.687500	0.666667	0.720000	0.739130	0.500000	0.800000	0.833333	1.000000
17:8935746_C>T	NA	NA	NA	NA	NA	NA	NA	1.000000	1.000000	0.000000	NA	0.000000	NA	NA	NA	NA	NA	NA	NA	NA	NA	NA	NA	NA	NA	NA	NA	NA	NA	NA	NA	NA	NA	NA	NA	1.000000	NA	NA	0.000000	NA	NA	0.250000	NA	NA	NA	NA	NA	NA	NA	NA	NA	NA	NA	NA	0.000000	0.181818	NA	NA	0.750000	0.000000	1.000000	NA	NA	NA	NA	1.000000	NA	NA	NA	NA	NA	0.000000	NA	NA	NA	NA	NA	NA	NA	NA	NA	NA	NA	NA	NA	NA	NA	NA	1.000000	NA	NA	NA	NA	NA	NA	1.000000	NA	NA
17:8937947_T>C	NA	NA	0.000000	NA	NA	NA	NA	NA	NA	NA	0.000000	NA	NA	NA	NA	NA	NA	NA	NA	NA	NA	0.714286	NA	NA	NA	0.333333	0.000000	NA	NA	0.000000	NA	NA	NA	NA	NA	NA	NA	NA	NA	NA	NA	0.000000	NA	NA	NA	NA	NA	NA	NA	NA	NA	NA	NA	NA	NA	NA	NA	NA	NA	NA	0.000000	NA	NA	NA	NA	NA	NA	NA	NA	NA	NA	NA	NA	NA	NA	NA	0.000000	NA	NA	NA	NA	NA	NA	NA	0.000000	0.000000	0.000000	NA	NA	NA	NA	NA	NA	NA	NA	NA	NA	NA
17:8938070_T>C	0.000000	NA	NA	NA	NA	NA	0.000000	NA	NA	NA	0.000000	0.000000	NA	NA	NA	NA	NA	NA	NA	NA	NA	NA	NA	NA	NA	0.888889	0.000000	NA	NA	NA	NA	NA	NA	NA	NA	NA	NA	NA	NA	NA	NA	0.000000	NA	NA	NA	NA	NA	0.000000	NA	NA	NA	NA	NA	NA	NA	NA	NA	NA	0.000000	NA	NA	1.000000	NA	NA	0.000000	NA	NA	NA	NA	NA	NA	0.000000	0.000000	0.000000	NA	NA	0.000000	NA	NA	NA	NA	NA	NA	NA	0.000000	NA	0.000000	NA	NA	NA	0.000000	NA	NA	NA	NA	NA	NA	NA
17:8943235_T>C	0.000000	NA	NA	NA	NA	NA	NA	0.000000	NA	NA	NA	NA	NA	NA	1.000000	NA	NA	NA	NA	NA	NA	NA	NA	NA	NA	NA	NA	NA	NA	NA	NA	0.000000	NA	NA	NA	NA	NA	NA	NA	NA	NA	NA	NA	NA	NA	NA	NA	NA	NA	NA	NA	NA	0.000000	NA	NA	NA	NA	NA	NA	NA	NA	NA	0.000000	NA	NA	NA	NA	NA	NA	NA	NA	NA	NA	NA	NA	NA	NA	NA	NA	NA	0.000000	0.000000	0.000000	NA	NA	NA	1.000000	NA	NA	NA	NA	NA	NA	NA	NA	NA	NA	NA
17:8943277_A>C	0.000000	NA	NA	NA	NA	NA	NA	0.000000	NA	NA	NA	NA	NA	NA	1.000000	NA	0.000000	NA	NA	NA	NA	NA	NA	NA	NA	NA	NA	1.000000	NA	NA	NA	1.000000	NA	NA	0.000000	NA	NA	NA	NA	NA	NA	NA	NA	NA	NA	NA	NA	NA	NA	NA	NA	NA	0.000000	NA	NA	NA	NA	NA	NA	1.000000	NA	NA	0.000000	0.000000	NA	NA	NA	NA	NA	NA	NA	NA	NA	0.000000	NA	NA	NA	NA	NA	NA	0.000000	0.000000	0.000000	NA	NA	NA	0.916667	NA	NA	NA	NA	NA	NA	NA	NA	NA	NA	NA
17:8943367_T>C	NA	NA	NA	0.000000	NA	NA	0.000000	0.000000	NA	NA	NA	NA	NA	NA	1.000000	NA	NA	NA	NA	NA	NA	NA	NA	NA	NA	NA	NA	1.000000	NA	NA	NA	0.000000	NA	NA	0.000000	NA	NA	NA	NA	NA	NA	NA	0.000000	NA	NA	NA	NA	0.000000	NA	NA	NA	NA	NA	NA	NA	NA	NA	NA	NA	1.000000	NA	NA	0.000000	1.000000	NA	NA	NA	NA	NA	NA	NA	NA	NA	NA	NA	NA	NA	NA	NA	NA	NA	0.000000	0.000000	NA	NA	NA	NA	NA	NA	NA	NA	NA	NA	NA	NA	NA	NA	NA
17:8943368_T>C	NA	NA	NA	0.000000	NA	NA	0.000000	0.000000	NA	NA	NA	NA	NA	NA	0.000000	NA	NA	NA	NA	NA	NA	NA	NA	NA	NA	NA	NA	1.000000	NA	NA	NA	0.000000	NA	NA	0.000000	NA	NA	NA	NA	NA	NA	NA	0.000000	NA	NA	NA	NA	0.000000	NA	NA	NA	NA	NA	NA	NA	NA	NA	NA	NA	1.000000	NA	NA	0.000000	1.000000	NA	NA	NA	NA	NA	NA	NA	NA	NA	NA	NA	NA	NA	NA	NA	NA	NA	0.000000	0.000000	NA	NA	NA	0.000000	NA	NA	NA	NA	NA	NA	NA	NA	NA	NA	NA
17:8943370_T>C	NA	NA	NA	1.000000	NA	NA	0.000000	0.000000	NA	NA	NA	NA	NA	NA	1.000000	NA	NA	NA	NA	NA	NA	NA	NA	NA	NA	NA	NA	1.000000	NA	NA	NA	1.000000	NA	NA	0.333333	NA	NA	NA	NA	NA	NA	NA	0.000000	NA	NA	NA	NA	0.000000	NA	NA	NA	NA	NA	NA	NA	NA	NA	NA	NA	1.000000	NA	NA	0.000000	1.000000	NA	NA	NA	NA	NA	NA	NA	NA	NA	NA	NA	NA	NA	NA	NA	NA	NA	0.000000	0.000000	NA	NA	NA	1.000000	NA	NA	NA	NA	NA	NA	NA	NA	NA	NA	NA
17:8943374_T>C	NA	NA	NA	NA	NA	NA	0.750000	0.000000	NA	NA	NA	NA	NA	NA	1.000000	NA	NA	NA	NA	NA	NA	NA	NA	NA	NA	NA	NA	NA	NA	NA	NA	1.000000	NA	NA	0.400000	NA	NA	NA	NA	NA	NA	NA	0.000000	NA	NA	NA	NA	0.000000	NA	NA	NA	NA	NA	NA	NA	NA	NA	NA	NA	1.000000	NA	NA	0.000000	1.000000	NA	NA	NA	NA	NA	NA	NA	NA	NA	NA	NA	NA	NA	NA	NA	NA	NA	0.000000	0.111111	NA	NA	NA	1.000000	NA	NA	NA	NA	NA	NA	NA	NA	NA	NA	NA
17:8947757_A>G	NA	NA	0.000000	NA	NA	NA	0.750000	NA	1.000000	NA	1.000000	NA	0.000000	NA	0.545455	NA	NA	NA	NA	NA	NA	NA	NA	NA	NA	0.611111	NA	NA	NA	NA	0.000000	NA	NA	1.000000	0.000000	1.000000	NA	1.000000	NA	0.333333	NA	0.937500	0.000000	NA	NA	NA	NA	NA	NA	NA	0.000000	NA	0.666667	NA	NA	0.500000	NA	1.000000	0.000000	1.000000	0.500000	NA	0.600000	0.444444	NA	NA	NA	NA	NA	NA	NA	0.000000	NA	1.000000	NA	NA	0.166667	NA	0.000000	1.000000	NA	1.000000	0.576923	NA	NA	NA	1.000000	NA	0.333333	NA	NA	NA	NA	NA	NA	NA	1.000000	NA
17:8947810_G>A	NA	NA	0.000000	NA	NA	NA	0.666667	NA	1.000000	NA	1.000000	NA	0.000000	NA	0.285714	NA	0.000000	NA	NA	NA	NA	NA	NA	NA	NA	0.538462	NA	NA	NA	NA	0.000000	NA	NA	1.000000	0.000000	1.000000	NA	NA	NA	0.333333	NA	0.833333	0.000000	0.333333	NA	NA	NA	0.000000	NA	NA	NA	NA	0.571429	NA	NA	0.333333	NA	NA	0.000000	1.000000	0.333333	NA	0.400000	0.181818	NA	NA	NA	NA	NA	NA	NA	0.000000	NA	0.200000	NA	NA	0.200000	NA	0.000000	NA	NA	NA	0.500000	NA	NA	NA	1.000000	NA	0.400000	NA	NA	NA	NA	0.000000	NA	NA	NA	NA
17:8947867_T>C	0.000000	NA	0.000000	NA	NA	NA	NA	NA	1.000000	NA	1.000000	NA	NA	NA	0.285714	NA	NA	NA	NA	NA	NA	NA	NA	NA	NA	0.222222	0.000000	NA	NA	NA	0.000000	NA	NA	1.000000	0.000000	NA	NA	NA	NA	0.200000	NA	0.800000	0.000000	0.333333	NA	NA	NA	0.000000	NA	NA	NA	NA	NA	NA	NA	0.000000	NA	NA	0.000000	1.000000	0.250000	NA	0.750000	0.111111	NA	NA	NA	NA	NA	NA	NA	0.000000	NA	NA	NA	NA	0.000000	NA	NA	NA	NA	NA	0.285714	NA	NA	NA	1.000000	NA	NA	NA	NA	NA	NA	NA	NA	NA	NA	1.000000
17:8963300_T>C	NA	NA	NA	NA	NA	NA	NA	0.615385	0.000000	NA	1.000000	NA	NA	NA	NA	NA	NA	NA	NA	NA	NA	NA	NA	NA	NA	0.857143	NA	NA	0.000000	0.571429	NA	NA	NA	NA	NA	NA	NA	NA	0.666667	NA	NA	NA	NA	NA	NA	NA	NA	0.000000	NA	0.000000	NA	NA	NA	NA	NA	NA	1.000000	NA	NA	NA	NA	NA	NA	0.000000	NA	NA	NA	NA	NA	NA	NA	0.250000	NA	1.000000	NA	NA	0.000000	NA	NA	NA	NA	NA	1.000000	NA	NA	NA	NA	1.000000	1.000000	NA	NA	0.375000	NA	NA	NA	0.750000	NA	NA
17:8963934_G>A	NA	NA	NA	NA	NA	NA	NA	NA	NA	NA	NA	NA	NA	NA	NA	NA	NA	NA	NA	NA	NA	NA	NA	NA	NA	NA	NA	NA	NA	NA	NA	NA	NA	NA	NA	NA	NA	NA	NA	NA	NA	NA	0.000000	NA	1.000000	NA	NA	NA	NA	0.000000	NA	NA	NA	NA	NA	NA	NA	NA	NA	NA	0.500000	NA	NA	NA	NA	NA	NA	NA	NA	NA	NA	0.000000	0.000000	NA	NA	NA	NA	NA	NA	NA	0.333333	NA	NA	NA	NA	NA	NA	NA	NA	NA	NA	NA	NA	NA	NA	NA	NA	NA
17:12992667_G>C	NA	NA	NA	NA	NA	NA	NA	NA	0.428571	NA	NA	NA	NA	NA	NA	NA	NA	0.857143	NA	NA	NA	NA	NA	1.000000	NA	NA	NA	NA	0.500000	NA	NA	NA	NA	NA	NA	NA	NA	NA	NA	0.250000	NA	0.000000	NA	NA	NA	0.250000	NA	NA	NA	NA	1.000000	NA	NA	0.000000	NA	NA	NA	NA	NA	1.000000	NA	NA	1.000000	NA	NA	0.000000	1.000000	NA	NA	NA	NA	NA	NA	NA	NA	1.000000	NA	NA	NA	1.000000	NA	NA	NA	NA	NA	NA	NA	NA	NA	1.000000	NA	NA	NA	NA	NA	NA	NA	NA
17:15977837_C>G	NA	NA	NA	NA	0.333333	NA	0.000000	NA	NA	NA	NA	NA	NA	NA	1.000000	NA	NA	NA	NA	NA	NA	NA	NA	NA	NA	NA	NA	NA	NA	0.000000	NA	NA	NA	NA	0.000000	NA	NA	NA	NA	NA	NA	NA	NA	NA	NA	NA	NA	NA	NA	NA	NA	NA	NA	NA	NA	NA	NA	NA	NA	NA	NA	NA	0.333333	NA	NA	NA	NA	NA	0.000000	1.000000	NA	NA	NA	NA	1.000000	NA	NA	NA	NA	NA	NA	NA	NA	NA	NA	NA	NA	NA	NA	NA	NA	NA	NA	NA	NA	NA	NA	NA
17:16433678_C>G	1.000000	NA	0.875000	0.888889	0.500000	NA	NA	NA	0.000000	NA	NA	1.000000	NA	0.000000	NA	0.600000	NA	0.000000	NA	NA	1.000000	0.000000	NA	1.000000	0.666667	0.307692	1.000000	NA	NA	NA	1.000000	0.200000	NA	NA	NA	NA	NA	NA	NA	0.500000	1.000000	NA	NA	NA	NA	1.000000	0.333333	NA	NA	1.000000	NA	NA	1.000000	NA	NA	1.000000	0.600000	NA	NA	NA	NA	NA	NA	NA	0.000000	NA	NA	0.000000	NA	0.333333	0.000000	NA	1.000000	NA	0.142857	0.000000	NA	NA	0.500000	0.800000	NA	NA	NA	NA	0.800000	NA	1.000000	1.000000	NA	0.142857	NA	NA	0.625000	1.000000	NA	NA	NA	0.000000
17:16441561_C>T	0.600000	NA	NA	NA	NA	NA	0.000000	1.000000	NA	NA	NA	NA	NA	0.538462	NA	NA	NA	NA	NA	NA	0.333333	NA	NA	0.400000	NA	0.666667	NA	0.666667	NA	NA	0.500000	1.000000	NA	NA	NA	NA	NA	NA	NA	NA	0.000000	NA	NA	NA	NA	0.300000	NA	0.000000	NA	NA	NA	0.333333	NA	NA	NA	NA	NA	NA	NA	NA	NA	NA	0.333333	0.666667	NA	NA	0.500000	NA	NA	NA	0.333333	NA	NA	0.500000	NA	NA	NA	NA	NA	0.000000	0.000000	NA	1.000000	0.500000	NA	NA	NA	NA	0.142857	NA	0.333333	NA	NA	NA	NA	NA	NA	NA
17:17383678_G>C	0.000000	0.600000	NA	0.000000	0.000000	NA	0.000000	0.000000	NA	NA	NA	0.000000	0.000000	0.000000	0.000000	NA	NA	NA	NA	NA	0.000000	0.000000	NA	0.000000	0.000000	NA	0.000000	0.000000	0.000000	NA	0.700000	NA	0.000000	NA	0.000000	NA	0.000000	NA	NA	0.000000	NA	NA	NA	NA	0.750000	0.000000	0.250000	1.000000	0.000000	NA	0.000000	0.000000	NA	NA	NA	NA	0.500000	0.000000	0.500000	NA	0.000000	0.250000	NA	0.000000	0.333333	0.000000	0.000000	NA	0.583333	0.000000	0.000000	0.000000	0.333333	NA	0.000000	0.000000	NA	0.000000	NA	0.000000	0.625000	0.000000	NA	NA	0.000000	NA	0.000000	NA	NA	NA	NA	NA	0.000000	NA	0.000000	0.666667	NA	0.500000
17:18107826_C>T	NA	NA	1.000000	NA	NA	NA	NA	NA	NA	1.000000	NA	NA	NA	NA	NA	NA	NA	NA	NA	NA	NA	NA	NA	NA	NA	NA	NA	NA	0.000000	NA	NA	NA	NA	NA	NA	NA	NA	NA	NA	1.000000	1.000000	0.000000	NA	NA	NA	NA	NA	NA	1.000000	NA	NA	0.166667	NA	NA	0.000000	NA	NA	1.000000	NA	NA	NA	NA	NA	NA	NA	NA	NA	NA	NA	1.000000	NA	NA	NA	NA	NA	1.000000	NA	NA	NA	NA	NA	NA	NA	NA	NA	NA	0.000000	NA	NA	NA	0.000000	NA	NA	NA	NA	NA	NA	NA
17:19445928_G>T	NA	NA	NA	NA	NA	NA	NA	NA	NA	NA	NA	NA	NA	NA	NA	NA	NA	NA	NA	NA	NA	NA	NA	NA	NA	NA	NA	NA	NA	NA	NA	NA	NA	NA	NA	NA	NA	NA	NA	NA	NA	NA	NA	NA	NA	NA	NA	NA	NA	NA	NA	NA	NA	NA	NA	NA	NA	NA	NA	NA	NA	NA	NA	NA	NA	NA	NA	NA	NA	NA	NA	NA	NA	NA	NA	NA	NA	NA	NA	NA	NA	NA	NA	NA	NA	NA	NA	NA	1.000000	NA	NA	NA	NA	NA	NA	NA	NA	NA
17:19951580_A>G	NA	NA	NA	NA	0.000000	NA	NA	NA	NA	NA	NA	0.200000	0.000000	0.750000	NA	NA	NA	NA	NA	NA	NA	NA	0.000000	0.500000	0.000000	NA	0.333333	NA	NA	NA	NA	NA	NA	NA	NA	0.000000	NA	NA	NA	NA	1.000000	0.000000	NA	NA	NA	NA	NA	NA	NA	NA	NA	0.000000	NA	NA	NA	0.428571	NA	NA	NA	NA	NA	0.000000	NA	0.333333	NA	NA	NA	NA	NA	0.666667	0.000000	NA	NA	NA	NA	NA	NA	NA	NA	NA	NA	NA	0.333333	0.333333	NA	NA	NA	NA	NA	NA	NA	NA	NA	NA	NA	0.333333	0.000000	NA
17:19951587_A>G	NA	NA	NA	NA	0.000000	NA	NA	NA	NA	NA	NA	0.000000	NA	NA	NA	NA	NA	NA	NA	NA	NA	NA	0.000000	NA	0.000000	NA	0.333333	NA	NA	NA	NA	NA	NA	NA	NA	0.000000	NA	NA	NA	NA	NA	0.000000	NA	NA	NA	NA	NA	NA	NA	NA	NA	0.000000	NA	NA	NA	0.750000	NA	NA	NA	NA	NA	0.000000	NA	NA	NA	NA	NA	NA	NA	NA	0.000000	NA	NA	NA	NA	NA	NA	NA	NA	NA	NA	NA	NA	NA	NA	NA	NA	NA	NA	NA	NA	NA	NA	NA	NA	NA	0.000000	NA
17:22524481_G>A	NA	NA	NA	NA	NA	NA	1.000000	1.000000	0.875000	NA	NA	1.000000	NA	1.000000	NA	NA	NA	NA	NA	NA	NA	NA	NA	NA	NA	NA	NA	1.000000	0.500000	NA	NA	NA	NA	NA	NA	1.000000	NA	NA	NA	0.833333	NA	1.000000	0.666667	NA	NA	1.000000	NA	NA	NA	NA	NA	0.750000	NA	NA	NA	NA	NA	NA	1.000000	NA	NA	NA	NA	NA	NA	NA	1.000000	NA	NA	NA	NA	NA	1.000000	NA	NA	NA	1.000000	NA	NA	1.000000	NA	NA	1.000000	NA	NA	NA	NA	1.000000	1.000000	NA	NA	0.750000	NA	NA	NA	NA	NA	1.000000
17:28468441_G>A	0.125000	NA	0.000000	NA	NA	NA	0.000000	NA	0.250000	NA	NA	NA	NA	0.000000	0.000000	NA	NA	NA	NA	NA	0.000000	NA	NA	0.666667	0.000000	0.142857	NA	0.000000	0.200000	NA	0.000000	0.200000	0.000000	NA	0.142857	NA	NA	NA	NA	0.166667	0.000000	NA	0.000000	NA	0.000000	0.166667	NA	0.000000	0.333333	0.000000	NA	0.200000	NA	0.000000	NA	0.000000	0.250000	0.000000	NA	NA	NA	NA	NA	NA	NA	NA	NA	0.250000	NA	0.000000	0.000000	NA	NA	NA	0.000000	0.166667	0.000000	NA	NA	0.166667	0.333333	NA	NA	0.166667	NA	NA	0.000000	NA	NA	NA	0.125000	NA	0.000000	NA	NA	NA	0.000000	NA
17:28468442_T>A	0.142857	NA	0.000000	NA	NA	NA	0.000000	NA	0.250000	NA	NA	NA	NA	0.000000	0.000000	NA	NA	NA	NA	NA	0.000000	NA	NA	0.666667	0.000000	0.166667	NA	0.000000	0.250000	NA	0.000000	0.200000	0.000000	NA	0.166667	NA	NA	NA	NA	0.166667	0.000000	NA	NA	NA	NA	0.166667	NA	0.000000	0.333333	NA	NA	0.200000	NA	0.000000	NA	0.000000	0.333333	0.000000	NA	NA	NA	NA	NA	NA	NA	NA	NA	0.250000	NA	0.000000	0.000000	NA	NA	NA	0.000000	0.166667	0.000000	NA	NA	0.166667	0.333333	NA	NA	0.333333	NA	NA	0.000000	NA	NA	NA	0.142857	NA	0.000000	NA	NA	NA	0.000000	NA
17:28468455_T>A	1.000000	NA	NA	NA	NA	NA	NA	NA	NA	NA	NA	NA	NA	NA	NA	NA	NA	NA	NA	NA	NA	NA	NA	NA	1.000000	NA	NA	NA	1.000000	NA	NA	NA	1.000000	NA	NA	NA	NA	NA	NA	NA	NA	NA	NA	NA	NA	1.000000	NA	NA	NA	NA	NA	NA	NA	NA	NA	1.000000	1.000000	NA	NA	NA	NA	NA	NA	NA	NA	NA	NA	NA	NA	NA	NA	NA	NA	NA	NA	NA	NA	NA	NA	NA	NA	NA	NA	NA	NA	NA	1.000000	NA	NA	NA	NA	NA	1.000000	NA	NA	NA	NA	NA
17:28664068_T>C	NA	NA	0.000000	NA	NA	NA	0.000000	NA	NA	NA	NA	NA	0.400000	0.000000	NA	NA	NA	NA	0.333333	1.000000	NA	NA	NA	NA	0.250000	NA	NA	0.000000	NA	1.000000	NA	NA	NA	NA	NA	0.000000	0.166667	NA	NA	0.200000	NA	0.000000	NA	NA	0.000000	NA	NA	NA	NA	NA	0.000000	NA	0.000000	NA	NA	0.000000	0.250000	NA	NA	0.000000	NA	NA	0.000000	0.333333	NA	NA	0.000000	NA	NA	NA	NA	NA	NA	NA	NA	0.500000	NA	NA	NA	NA	NA	NA	NA	NA	NA	NA	0.000000	NA	NA	NA	NA	0.230769	NA	NA	NA	NA	0.250000	NA
17:28664069_C>A	NA	NA	0.000000	NA	NA	NA	0.000000	NA	NA	NA	NA	NA	0.400000	0.000000	NA	NA	NA	NA	0.333333	1.000000	NA	NA	NA	NA	0.250000	NA	NA	0.000000	NA	1.000000	NA	NA	NA	NA	NA	0.000000	0.166667	NA	NA	0.200000	NA	0.000000	NA	NA	0.000000	NA	NA	NA	NA	NA	0.000000	NA	0.000000	NA	NA	0.000000	0.250000	NA	NA	0.000000	NA	NA	0.000000	0.333333	NA	NA	0.000000	NA	NA	NA	NA	NA	NA	NA	NA	0.500000	NA	NA	NA	NA	NA	NA	NA	NA	NA	NA	0.000000	NA	NA	NA	NA	0.230769	NA	NA	NA	NA	0.250000	NA
17:31303952_A>G	NA	0.750000	NA	1.000000	NA	NA	1.000000	0.583333	NA	NA	0.500000	0.538462	1.000000	NA	1.000000	NA	NA	NA	NA	0.400000	0.400000	0.076923	1.000000	0.125000	NA	0.000000	NA	NA	0.000000	0.250000	1.000000	0.000000	NA	NA	0.421053	NA	0.428571	NA	NA	NA	NA	NA	0.857143	0.400000	NA	0.166667	0.833333	0.000000	NA	0.000000	NA	NA	NA	NA	0.444444	0.562500	0.125000	0.437500	0.166667	NA	0.100000	0.000000	0.000000	0.000000	0.291667	NA	NA	0.535714	NA	NA	NA	0.300000	NA	0.565217	1.000000	NA	0.000000	0.352941	NA	0.000000	0.000000	0.923077	1.000000	0.000000	0.625000	NA	NA	NA	1.000000	NA	1.000000	0.000000	0.000000	0.444444	NA	0.400000	NA	0.625000
17:31317834_G>A	0.750000	0.333333	NA	1.000000	NA	NA	0.625000	1.000000	NA	NA	NA	NA	NA	0.666667	NA	NA	NA	NA	NA	0.000000	0.000000	NA	NA	1.000000	NA	NA	NA	0.500000	NA	0.000000	0.000000	NA	NA	NA	0.363636	1.000000	0.555556	NA	NA	NA	NA	NA	NA	0.200000	NA	NA	NA	1.000000	0.000000	NA	0.000000	0.000000	NA	NA	NA	NA	NA	NA	NA	NA	NA	0.500000	NA	NA	0.111111	0.500000	NA	1.000000	0.800000	NA	NA	0.125000	1.000000	0.461538	NA	NA	1.000000	0.428571	NA	NA	0.857143	0.600000	NA	NA	0.800000	NA	NA	NA	1.000000	NA	NA	NA	NA	0.333333	1.000000	0.250000	NA	0.461538
17:35574149_A>G	NA	1.000000	1.000000	NA	NA	NA	NA	NA	NA	NA	NA	NA	NA	0.666667	0.000000	NA	NA	NA	NA	1.000000	1.000000	NA	NA	0.000000	NA	NA	NA	NA	0.500000	NA	NA	0.000000	NA	NA	NA	NA	NA	NA	NA	NA	0.250000	NA	NA	NA	NA	1.000000	NA	0.600000	0.000000	NA	0.400000	0.333333	NA	NA	NA	NA	0.000000	NA	NA	NA	NA	0.000000	NA	1.000000	0.000000	NA	0.200000	NA	NA	0.000000	NA	NA	1.000000	NA	NA	NA	NA	1.000000	NA	NA	NA	NA	NA	NA	NA	NA	NA	NA	0.000000	NA	NA	NA	0.333333	NA	NA	NA	0.666667	NA
17:37643436_G>C	NA	NA	NA	NA	NA	NA	NA	NA	NA	NA	NA	NA	NA	NA	NA	NA	NA	NA	NA	NA	NA	NA	NA	NA	0.000000	NA	NA	NA	NA	NA	NA	NA	NA	NA	NA	NA	NA	NA	NA	NA	NA	NA	NA	NA	NA	NA	NA	NA	NA	NA	NA	0.000000	NA	NA	NA	NA	NA	NA	NA	NA	NA	0.000000	NA	NA	NA	NA	NA	NA	NA	NA	NA	NA	NA	NA	NA	NA	NA	NA	NA	NA	NA	NA	NA	NA	NA	NA	NA	NA	NA	NA	NA	NA	NA	NA	NA	NA	NA	NA
17:41691641_G>A	NA	NA	NA	NA	NA	NA	NA	NA	NA	NA	NA	NA	NA	0.333333	NA	NA	NA	NA	NA	NA	NA	NA	NA	NA	NA	NA	NA	NA	0.250000	NA	NA	NA	NA	NA	NA	NA	NA	NA	NA	NA	NA	NA	NA	NA	0.333333	NA	0.000000	NA	NA	NA	NA	0.000000	NA	NA	NA	NA	NA	NA	NA	NA	NA	NA	NA	NA	0.000000	NA	NA	NA	NA	NA	NA	NA	NA	NA	NA	NA	NA	0.000000	NA	NA	NA	NA	NA	0.000000	NA	NA	NA	NA	0.000000	NA	NA	NA	NA	NA	NA	NA	NA	NA
17:41974169_G>A	NA	NA	1.000000	0.000000	NA	NA	NA	NA	NA	0.333333	0.600000	NA	NA	NA	NA	NA	NA	NA	NA	NA	NA	NA	0.000000	NA	NA	NA	NA	1.000000	NA	NA	0.250000	NA	NA	NA	NA	NA	NA	NA	NA	NA	0.000000	0.666667	NA	NA	NA	NA	NA	NA	NA	NA	NA	0.000000	NA	NA	NA	NA	0.000000	0.000000	NA	NA	0.000000	NA	1.000000	NA	0.000000	NA	NA	NA	NA	1.000000	NA	NA	NA	NA	NA	NA	NA	NA	NA	NA	NA	NA	NA	NA	NA	NA	NA	NA	NA	NA	NA	1.000000	NA	NA	1.000000	NA	NA	NA
17:41989471_G>A	NA	NA	NA	NA	NA	NA	NA	NA	NA	NA	NA	NA	NA	NA	0.000000	NA	NA	NA	0.000000	NA	0.000000	NA	NA	NA	NA	0.000000	NA	0.000000	0.750000	0.000000	NA	0.000000	NA	NA	NA	NA	NA	NA	NA	NA	NA	NA	NA	NA	NA	NA	0.000000	NA	NA	0.000000	NA	0.000000	NA	NA	NA	NA	NA	NA	NA	NA	NA	NA	NA	0.000000	NA	NA	NA	NA	NA	NA	NA	NA	NA	NA	NA	NA	NA	NA	NA	0.000000	NA	NA	NA	NA	NA	NA	0.000000	NA	NA	NA	0.000000	NA	0.000000	0.000000	NA	NA	NA	NA
17:42387807_T>G	1.000000	1.000000	NA	NA	1.000000	NA	NA	NA	NA	NA	0.375000	1.000000	NA	1.000000	NA	1.000000	NA	NA	1.000000	NA	NA	0.000000	1.000000	1.000000	0.000000	NA	NA	NA	NA	NA	NA	NA	NA	NA	NA	NA	1.000000	NA	NA	1.000000	NA	NA	NA	1.000000	NA	1.000000	0.000000	1.000000	0.333333	NA	NA	NA	NA	NA	0.000000	1.000000	NA	NA	NA	NA	NA	NA	NA	0.000000	1.000000	1.000000	0.000000	NA	NA	NA	NA	0.400000	1.000000	NA	NA	NA	NA	NA	NA	NA	NA	NA	NA	1.000000	0.000000	NA	1.000000	NA	1.000000	NA	0.000000	NA	0.000000	NA	1.000000	NA	NA	1.000000
17:43359210_A>G	NA	NA	0.000000	NA	NA	NA	NA	NA	0.250000	NA	NA	1.000000	NA	NA	0.277778	0.000000	NA	0.739130	NA	NA	NA	NA	NA	NA	1.000000	NA	NA	0.500000	NA	NA	NA	NA	0.555556	NA	NA	NA	NA	NA	1.000000	1.000000	0.615385	NA	NA	NA	0.272727	NA	1.000000	NA	NA	NA	NA	NA	NA	0.250000	NA	NA	NA	NA	NA	1.000000	NA	NA	NA	NA	NA	NA	NA	NA	NA	0.500000	NA	NA	NA	NA	NA	NA	NA	NA	NA	0.500000	NA	NA	NA	NA	NA	NA	0.637931	0.285714	NA	NA	NA	0.000000	NA	NA	NA	NA	NA	NA
17:45105740_G>A	NA	NA	0.000000	NA	0.000000	NA	0.000000	NA	NA	NA	0.500000	NA	NA	NA	NA	NA	NA	1.000000	NA	0.200000	NA	NA	1.000000	0.818182	NA	NA	NA	NA	0.857143	NA	0.000000	NA	0.000000	1.000000	NA	NA	1.000000	NA	NA	1.000000	NA	NA	NA	0.000000	NA	NA	NA	NA	0.000000	NA	0.000000	1.000000	0.571429	NA	NA	NA	NA	0.000000	NA	NA	NA	NA	NA	NA	NA	NA	NA	NA	0.000000	0.333333	NA	1.000000	NA	NA	NA	NA	NA	0.000000	NA	1.000000	0.000000	NA	NA	NA	NA	NA	NA	NA	0.000000	NA	0.000000	NA	0.000000	NA	NA	NA	0.000000	NA
17:45429642_G>C	NA	0.000000	NA	1.000000	NA	1.000000	NA	0.333333	NA	NA	0.500000	NA	NA	NA	1.000000	0.727273	NA	0.363636	NA	0.000000	NA	0.000000	NA	NA	NA	NA	1.000000	NA	NA	1.000000	1.000000	NA	NA	NA	NA	NA	0.285714	0.000000	NA	NA	NA	NA	NA	1.000000	0.333333	NA	0.000000	NA	NA	NA	NA	0.000000	NA	NA	0.250000	NA	NA	0.666667	0.500000	NA	0.000000	0.681818	NA	NA	0.250000	0.500000	NA	0.000000	NA	NA	NA	NA	0.000000	NA	0.333333	NA	0.357143	1.000000	NA	NA	0.000000	0.535714	NA	NA	1.000000	1.000000	1.000000	0.375000	NA	1.000000	NA	NA	1.000000	NA	NA	0.000000	NA	0.571429
17:46046351_C>T	NA	NA	0.000000	NA	NA	NA	NA	NA	NA	NA	NA	NA	NA	NA	NA	NA	NA	0.166667	NA	NA	NA	NA	0.000000	NA	0.000000	0.000000	NA	NA	NA	NA	NA	NA	NA	NA	NA	NA	NA	NA	NA	NA	NA	NA	NA	NA	NA	0.000000	NA	NA	NA	NA	NA	0.000000	NA	NA	NA	NA	NA	NA	NA	NA	NA	0.000000	NA	NA	NA	NA	NA	NA	NA	NA	NA	NA	NA	NA	NA	NA	NA	NA	0.000000	0.111111	NA	NA	NA	NA	0.000000	NA	NA	0.000000	NA	NA	0.181818	NA	NA	NA	0.000000	NA	NA	NA
17:50381563_C>T	NA	NA	0.500000	NA	1.000000	NA	NA	NA	NA	NA	NA	1.000000	NA	NA	NA	NA	NA	NA	NA	1.000000	NA	NA	0.600000	0.250000	NA	0.000000	NA	NA	0.619048	NA	NA	0.500000	1.000000	NA	0.000000	NA	NA	1.000000	0.000000	1.000000	NA	NA	NA	NA	NA	NA	NA	0.285714	1.000000	NA	0.555556	0.636364	NA	NA	0.000000	NA	NA	NA	NA	NA	NA	NA	NA	NA	1.000000	NA	NA	NA	NA	0.750000	NA	NA	NA	NA	0.000000	NA	NA	NA	NA	0.333333	NA	NA	NA	NA	1.000000	NA	0.000000	NA	NA	0.500000	1.000000	0.571429	0.666667	NA	NA	NA	NA	NA
17:54962122_G>A	0.000000	NA	NA	NA	1.000000	1.000000	NA	NA	NA	NA	NA	NA	NA	NA	NA	NA	NA	NA	0.833333	NA	NA	0.000000	1.000000	0.333333	NA	NA	NA	0.000000	1.000000	NA	NA	0.000000	NA	NA	NA	NA	NA	NA	NA	NA	NA	NA	NA	NA	NA	0.200000	NA	NA	NA	NA	NA	0.600000	NA	NA	NA	NA	NA	NA	NA	NA	NA	NA	NA	NA	NA	NA	1.000000	NA	0.250000	NA	0.000000	NA	NA	NA	NA	NA	NA	NA	NA	0.111111	NA	NA	0.000000	1.000000	NA	NA	0.500000	NA	NA	NA	NA	NA	1.000000	0.000000	NA	NA	0.400000	0.625000
17:58630194_T>C	NA	NA	NA	NA	NA	NA	NA	NA	0.000000	NA	NA	NA	NA	NA	NA	NA	NA	NA	NA	NA	NA	NA	0.000000	NA	NA	0.400000	0.800000	NA	0.000000	NA	NA	0.000000	0.000000	NA	NA	0.222222	NA	NA	NA	0.175000	NA	NA	NA	NA	0.000000	NA	NA	NA	NA	NA	NA	0.500000	NA	NA	0.000000	NA	NA	0.000000	NA	0.000000	NA	NA	NA	NA	NA	NA	NA	NA	NA	0.000000	NA	NA	NA	NA	NA	NA	NA	NA	NA	0.100000	NA	NA	NA	NA	NA	0.000000	0.176471	NA	NA	NA	NA	0.000000	NA	NA	NA	NA	0.000000	NA
17:58630195_T>C	NA	NA	NA	NA	NA	NA	NA	NA	0.000000	NA	NA	NA	NA	NA	NA	NA	NA	NA	NA	NA	NA	NA	0.000000	NA	NA	0.400000	0.666667	NA	0.000000	NA	NA	0.000000	0.000000	NA	NA	0.000000	NA	NA	NA	0.097561	NA	NA	NA	NA	0.000000	NA	NA	NA	NA	NA	NA	0.000000	NA	NA	0.000000	NA	NA	0.000000	NA	NA	NA	NA	NA	NA	NA	NA	NA	NA	NA	0.000000	NA	NA	NA	NA	NA	NA	NA	NA	NA	0.000000	NA	NA	NA	NA	NA	0.000000	0.176471	NA	NA	NA	NA	0.000000	NA	NA	NA	NA	0.000000	NA
17:58659236_A>C	NA	NA	NA	NA	NA	NA	NA	NA	NA	NA	NA	NA	NA	NA	NA	NA	NA	NA	NA	NA	NA	NA	0.666667	NA	NA	0.833333	NA	NA	NA	NA	NA	NA	NA	1.000000	NA	NA	NA	NA	NA	NA	NA	1.000000	NA	NA	NA	NA	NA	0.750000	NA	NA	NA	0.900000	1.000000	NA	NA	NA	1.000000	NA	NA	0.666667	NA	NA	NA	NA	NA	NA	NA	NA	NA	NA	NA	NA	NA	NA	NA	NA	NA	NA	NA	0.800000	NA	NA	NA	NA	NA	NA	NA	NA	NA	NA	NA	1.000000	NA	NA	NA	NA	NA	NA
17:58659237_G>C	NA	NA	NA	NA	NA	NA	NA	NA	NA	NA	NA	NA	NA	NA	NA	NA	NA	NA	NA	NA	NA	NA	0.666667	NA	NA	0.833333	NA	NA	NA	NA	NA	NA	NA	1.000000	0.333333	NA	NA	NA	NA	NA	NA	1.000000	NA	NA	NA	NA	NA	0.750000	NA	NA	NA	0.900000	1.000000	NA	NA	NA	0.800000	NA	NA	0.666667	NA	NA	NA	NA	NA	NA	NA	NA	NA	NA	NA	NA	NA	NA	NA	NA	NA	NA	NA	0.666667	NA	NA	NA	NA	NA	NA	0.333333	NA	NA	NA	NA	1.000000	NA	NA	NA	NA	NA	NA
17:58659238_T>C	NA	NA	NA	NA	NA	NA	NA	NA	NA	NA	NA	NA	NA	NA	NA	NA	NA	NA	NA	NA	NA	NA	0.666667	NA	NA	0.714286	NA	NA	NA	NA	NA	NA	0.666667	1.000000	0.333333	NA	NA	NA	NA	NA	NA	1.000000	NA	NA	NA	NA	NA	0.750000	NA	NA	NA	0.900000	1.000000	NA	NA	NA	0.800000	0.333333	NA	0.666667	NA	NA	NA	NA	NA	NA	NA	NA	NA	NA	NA	NA	NA	NA	NA	NA	NA	NA	NA	0.666667	NA	NA	NA	NA	NA	NA	0.333333	NA	NA	NA	NA	1.000000	NA	NA	NA	NA	NA	NA
17:58659242_A>C	NA	NA	NA	NA	NA	NA	NA	NA	0.000000	NA	NA	NA	NA	NA	NA	NA	NA	NA	NA	NA	NA	NA	0.400000	NA	NA	0.666667	NA	NA	NA	NA	1.000000	NA	0.400000	0.666667	0.250000	0.250000	NA	NA	NA	NA	NA	0.750000	NA	NA	NA	NA	NA	0.750000	NA	NA	NA	0.692308	0.750000	NA	NA	NA	0.571429	0.333333	NA	0.250000	NA	NA	NA	NA	NA	NA	NA	NA	NA	NA	NA	NA	NA	NA	NA	NA	NA	NA	NA	0.500000	NA	NA	NA	NA	0.500000	NA	0.250000	NA	NA	NA	NA	0.750000	NA	NA	NA	NA	NA	NA
17:59155175_G>C	NA	0.000000	NA	NA	NA	NA	NA	NA	NA	NA	NA	NA	NA	NA	NA	NA	NA	NA	NA	NA	NA	NA	NA	NA	NA	0.000000	NA	0.000000	NA	NA	NA	NA	NA	NA	NA	NA	NA	NA	NA	0.000000	NA	NA	NA	NA	NA	NA	NA	NA	NA	NA	NA	0.000000	NA	0.000000	NA	NA	NA	NA	NA	NA	NA	NA	NA	NA	NA	NA	NA	NA	NA	0.000000	NA	NA	NA	NA	NA	1.000000	NA	NA	NA	NA	NA	NA	NA	NA	NA	NA	NA	NA	NA	NA	NA	NA	0.000000	NA	NA	NA	NA	NA
17:59155176_A>C	NA	0.000000	NA	NA	NA	NA	NA	NA	NA	NA	NA	NA	NA	NA	NA	NA	NA	NA	NA	NA	NA	NA	NA	NA	NA	0.000000	NA	0.000000	NA	NA	NA	NA	NA	NA	NA	NA	NA	NA	NA	0.000000	NA	NA	NA	NA	NA	NA	NA	NA	NA	NA	NA	0.000000	NA	0.000000	NA	NA	NA	NA	NA	NA	NA	NA	NA	NA	NA	NA	NA	NA	NA	0.000000	NA	NA	NA	NA	NA	1.000000	NA	NA	NA	NA	NA	NA	NA	NA	NA	NA	NA	NA	NA	NA	NA	NA	0.000000	NA	NA	NA	NA	NA
17:59843171_A>G	NA	NA	NA	NA	NA	NA	NA	NA	NA	NA	NA	0.000000	NA	NA	NA	NA	NA	NA	NA	0.000000	NA	NA	NA	NA	NA	NA	NA	NA	NA	NA	0.333333	NA	NA	NA	NA	NA	NA	NA	NA	NA	NA	NA	NA	NA	NA	NA	NA	0.000000	NA	NA	NA	NA	NA	NA	NA	0.000000	0.000000	0.000000	NA	0.750000	NA	0.181818	NA	NA	NA	NA	NA	NA	NA	NA	NA	NA	0.000000	NA	1.000000	NA	NA	1.000000	NA	NA	0.600000	1.000000	1.000000	NA	NA	NA	NA	NA	NA	NA	NA	NA	NA	NA	NA	1.000000	NA	0.000000
17:62008101_A>G	NA	NA	NA	0.250000	1.000000	NA	NA	NA	NA	NA	0.000000	NA	0.250000	NA	NA	NA	NA	NA	NA	NA	NA	NA	NA	NA	NA	NA	NA	NA	NA	NA	0.000000	NA	0.000000	NA	NA	NA	NA	NA	NA	0.250000	NA	NA	NA	NA	NA	0.000000	NA	NA	NA	NA	NA	NA	0.000000	NA	NA	NA	NA	NA	NA	NA	NA	NA	NA	NA	NA	NA	NA	NA	NA	NA	NA	NA	NA	NA	NA	0.000000	0.000000	NA	NA	NA	NA	NA	NA	NA	NA	NA	NA	NA	NA	NA	NA	NA	NA	NA	NA	NA	NA	NA
17:63929072_G>A	0.620690	NA	0.517241	NA	0.166667	0.384615	0.000000	NA	0.100000	NA	NA	0.000000	0.181818	NA	NA	NA	NA	0.631579	NA	NA	0.692308	NA	0.600000	NA	0.375000	0.823529	0.266667	0.000000	1.000000	NA	NA	0.444444	0.550000	0.000000	1.000000	NA	NA	0.304348	1.000000	0.333333	0.692308	0.823529	NA	0.000000	0.625000	NA	NA	NA	0.600000	0.500000	0.833333	0.472222	0.285714	0.411765	NA	NA	NA	0.400000	NA	NA	NA	NA	NA	0.000000	NA	0.000000	NA	NA	NA	0.600000	NA	1.000000	NA	NA	NA	0.166667	NA	NA	NA	0.166667	NA	NA	1.000000	0.525000	NA	0.000000	0.377778	NA	1.000000	0.277778	0.000000	0.000000	0.500000	0.000000	0.617021	NA	0.800000	0.000000
17:63929073_G>C	0.642857	NA	0.535714	NA	0.181818	0.416667	0.000000	NA	0.111111	NA	NA	0.000000	0.181818	NA	NA	NA	NA	0.600000	NA	NA	0.692308	NA	0.631579	NA	0.391304	0.823529	0.266667	0.000000	1.000000	NA	NA	0.470588	0.611111	0.000000	1.000000	NA	NA	0.318182	1.000000	0.343750	0.692308	0.823529	NA	0.000000	0.666667	NA	NA	NA	0.608108	0.500000	0.869565	0.472222	0.333333	0.437500	NA	NA	NA	0.400000	NA	NA	NA	NA	NA	0.000000	NA	0.000000	NA	NA	NA	0.612903	NA	1.000000	NA	NA	NA	0.166667	NA	NA	NA	0.181818	NA	NA	1.000000	0.552632	NA	0.000000	0.386364	NA	1.000000	0.277778	0.000000	0.000000	0.500000	0.000000	0.604167	NA	0.800000	0.000000
17:63929137_A>G	0.222222	NA	0.666667	NA	0.333333	0.000000	NA	NA	0.000000	NA	NA	NA	0.000000	NA	NA	NA	NA	0.555556	NA	NA	0.666667	NA	0.571429	1.000000	0.333333	1.000000	0.250000	0.000000	1.000000	NA	NA	0.400000	0.909091	NA	NA	NA	NA	0.428571	1.000000	0.500000	0.777778	0.666667	NA	0.000000	NA	NA	NA	NA	0.526316	0.750000	0.400000	0.200000	NA	0.666667	NA	NA	NA	NA	NA	NA	NA	NA	NA	NA	NA	0.000000	NA	NA	NA	0.600000	NA	NA	NA	NA	NA	0.500000	NA	NA	NA	0.142857	NA	NA	NA	0.818182	NA	NA	0.545455	NA	NA	0.142857	NA	NA	0.500000	NA	0.705882	NA	1.000000	NA
17:64129078_G>A	0.000000	NA	NA	NA	0.000000	NA	NA	NA	NA	NA	NA	NA	NA	NA	1.000000	1.000000	0.000000	0.000000	NA	NA	0.000000	NA	0.666667	NA	NA	NA	NA	NA	NA	NA	NA	NA	0.000000	1.000000	NA	NA	NA	0.000000	NA	NA	NA	NA	NA	NA	NA	NA	NA	NA	NA	NA	NA	NA	NA	NA	NA	NA	NA	NA	NA	NA	1.000000	NA	NA	NA	NA	NA	NA	0.000000	NA	NA	NA	NA	NA	NA	NA	NA	NA	1.000000	NA	NA	NA	NA	0.000000	NA	NA	NA	NA	NA	NA	NA	NA	NA	NA	NA	NA	NA	0.400000	NA
17:64322640_G>A	NA	NA	NA	1.000000	NA	0.666667	0.600000	1.000000	NA	1.000000	0.166667	NA	NA	NA	NA	NA	NA	NA	NA	0.285714	NA	NA	NA	NA	NA	NA	NA	NA	NA	NA	NA	NA	NA	NA	NA	NA	0.000000	NA	NA	NA	NA	NA	1.000000	NA	NA	NA	NA	NA	NA	NA	1.000000	NA	NA	NA	1.000000	NA	0.333333	NA	0.400000	NA	NA	NA	0.000000	NA	NA	0.666667	NA	0.714286	NA	NA	NA	NA	NA	NA	0.750000	NA	NA	NA	NA	NA	0.666667	0.000000	NA	NA	1.000000	NA	NA	NA	NA	NA	NA	NA	NA	NA	NA	1.000000	NA	NA
17:64322886_T>C	NA	0.000000	NA	0.000000	NA	NA	NA	NA	NA	NA	0.000000	NA	NA	NA	NA	NA	NA	0.000000	NA	NA	NA	NA	NA	NA	NA	NA	NA	NA	NA	NA	NA	NA	NA	NA	NA	NA	NA	0.000000	NA	NA	NA	NA	NA	NA	NA	NA	NA	NA	NA	NA	NA	NA	NA	NA	NA	NA	NA	NA	NA	NA	NA	NA	NA	NA	NA	0.000000	NA	NA	NA	NA	NA	NA	NA	0.000000	NA	NA	NA	NA	NA	NA	1.000000	NA	NA	NA	NA	NA	NA	NA	NA	NA	NA	NA	NA	NA	NA	NA	NA	NA
17:64323215_G>C	NA	NA	NA	0.000000	NA	NA	0.000000	NA	NA	NA	0.000000	NA	NA	NA	0.000000	NA	NA	NA	NA	1.000000	NA	0.333333	0.000000	NA	NA	0.000000	NA	NA	NA	NA	NA	NA	NA	1.000000	NA	NA	0.615385	NA	NA	NA	NA	NA	NA	0.000000	NA	NA	NA	NA	NA	NA	NA	NA	NA	NA	NA	NA	NA	NA	NA	NA	0.000000	NA	NA	NA	NA	1.000000	NA	NA	NA	0.000000	NA	NA	0.142857	NA	NA	NA	NA	1.000000	NA	0.000000	0.600000	NA	NA	NA	0.000000	NA	NA	NA	NA	NA	NA	NA	NA	NA	NA	NA	0.000000	NA
17:64323350_G>C	NA	NA	NA	0.000000	NA	NA	NA	NA	NA	NA	NA	NA	NA	NA	NA	NA	NA	NA	NA	NA	NA	0.454545	NA	NA	NA	0.000000	NA	NA	NA	NA	NA	NA	NA	1.000000	NA	NA	0.545455	NA	NA	NA	0.000000	NA	NA	0.000000	NA	NA	NA	NA	NA	NA	NA	NA	NA	NA	NA	NA	NA	NA	NA	NA	0.181818	0.000000	NA	NA	NA	NA	NA	1.000000	NA	0.000000	NA	NA	NA	0.600000	NA	NA	NA	NA	NA	0.000000	NA	NA	NA	NA	0.000000	NA	NA	NA	NA	NA	NA	NA	NA	NA	NA	NA	NA	NA
17:65010969_A>G	NA	NA	NA	NA	NA	NA	NA	NA	NA	NA	NA	NA	NA	NA	NA	NA	NA	0.000000	NA	NA	NA	0.000000	NA	NA	NA	NA	NA	NA	NA	1.000000	0.000000	0.400000	NA	NA	0.000000	NA	1.000000	NA	NA	NA	NA	NA	NA	NA	0.000000	NA	NA	NA	NA	NA	NA	1.000000	NA	NA	NA	0.909091	0.000000	1.000000	NA	NA	NA	NA	NA	NA	0.250000	1.000000	NA	NA	NA	NA	NA	NA	NA	0.000000	NA	NA	0.428571	NA	NA	NA	NA	0.000000	NA	NA	NA	NA	1.000000	NA	NA	NA	NA	NA	NA	NA	NA	NA	NA	NA
17:68256954_T>A	NA	1.000000	0.500000	NA	0.000000	NA	1.000000	NA	NA	NA	NA	NA	NA	0.400000	0.166667	NA	NA	NA	NA	NA	NA	NA	NA	0.772727	1.000000	NA	NA	1.000000	NA	1.000000	NA	0.857143	0.428571	NA	NA	NA	NA	NA	NA	NA	NA	NA	NA	0.333333	NA	NA	NA	NA	1.000000	NA	0.000000	NA	1.000000	NA	NA	NA	NA	NA	NA	NA	0.000000	NA	NA	NA	NA	NA	NA	NA	NA	NA	NA	NA	NA	0.444444	NA	NA	NA	NA	NA	NA	NA	NA	NA	NA	NA	NA	1.000000	NA	1.000000	NA	NA	NA	NA	NA	NA	NA	0.750000	1.000000
17:74484366_A>G	NA	NA	NA	NA	NA	NA	NA	NA	NA	NA	NA	0.000000	NA	NA	NA	NA	NA	NA	NA	NA	NA	NA	NA	NA	NA	NA	NA	NA	NA	0.666667	NA	NA	NA	NA	NA	0.000000	0.333333	NA	NA	NA	NA	NA	NA	0.666667	NA	NA	NA	NA	NA	NA	NA	NA	NA	NA	NA	NA	NA	NA	NA	NA	NA	NA	0.250000	NA	NA	0.333333	NA	NA	NA	NA	NA	NA	0.800000	NA	NA	NA	NA	NA	NA	NA	NA	NA	NA	NA	NA	NA	NA	NA	NA	NA	NA	NA	NA	NA	NA	NA	NA	NA
17:75046958_A>C	NA	NA	NA	NA	NA	NA	0.285714	NA	NA	NA	NA	NA	NA	NA	NA	NA	NA	NA	NA	0.000000	0.000000	NA	NA	NA	NA	NA	1.000000	NA	0.000000	NA	0.000000	NA	NA	NA	NA	NA	0.000000	NA	NA	NA	NA	NA	0.000000	NA	NA	0.000000	0.000000	NA	NA	NA	NA	0.000000	NA	NA	0.000000	0.571429	0.000000	NA	0.000000	NA	0.000000	NA	NA	NA	0.000000	NA	NA	0.000000	NA	NA	0.000000	NA	NA	NA	NA	NA	NA	NA	NA	NA	NA	0.600000	NA	NA	NA	NA	0.250000	NA	0.000000	NA	NA	NA	NA	NA	NA	0.000000	0.000000	NA
17:75046959_G>C	NA	NA	NA	NA	NA	NA	0.285714	NA	NA	NA	NA	NA	NA	NA	NA	NA	NA	NA	NA	0.000000	0.000000	NA	NA	NA	NA	NA	1.000000	NA	0.000000	NA	0.000000	NA	NA	NA	NA	NA	0.000000	NA	NA	NA	NA	NA	0.000000	NA	NA	0.000000	0.000000	NA	NA	NA	NA	0.000000	NA	NA	0.000000	0.571429	0.000000	NA	0.000000	NA	0.000000	NA	NA	NA	0.000000	NA	NA	0.000000	NA	NA	0.000000	NA	NA	NA	NA	NA	NA	NA	NA	NA	NA	0.600000	NA	NA	NA	NA	0.250000	NA	0.000000	NA	NA	NA	NA	NA	NA	0.000000	0.000000	NA
17:75356106_T>C	NA	NA	0.000000	NA	0.000000	NA	NA	1.000000	NA	NA	NA	NA	NA	0.000000	NA	NA	NA	NA	NA	NA	NA	0.000000	NA	NA	NA	NA	NA	NA	NA	NA	NA	NA	NA	0.000000	NA	NA	NA	NA	NA	NA	NA	NA	NA	NA	NA	0.000000	0.000000	1.000000	NA	NA	NA	NA	NA	NA	NA	NA	NA	NA	NA	NA	NA	NA	NA	0.000000	NA	1.000000	0.000000	NA	NA	NA	NA	NA	0.000000	NA	0.000000	NA	NA	NA	NA	NA	NA	NA	NA	NA	NA	NA	NA	NA	NA	NA	NA	NA	NA	NA	NA	NA	NA	NA
17:75356107_T>C	NA	NA	0.000000	NA	0.000000	NA	NA	1.000000	NA	NA	NA	NA	NA	0.000000	NA	NA	NA	NA	NA	NA	NA	0.000000	NA	NA	NA	NA	NA	NA	NA	NA	NA	NA	NA	0.000000	NA	NA	NA	NA	NA	NA	NA	NA	NA	NA	NA	1.000000	0.000000	1.000000	NA	NA	NA	NA	NA	NA	NA	NA	NA	NA	NA	NA	NA	NA	NA	0.000000	NA	1.000000	0.000000	NA	NA	NA	NA	NA	1.000000	NA	0.000000	NA	NA	NA	NA	NA	NA	NA	NA	NA	NA	NA	NA	NA	NA	NA	NA	NA	NA	NA	NA	NA	NA	NA
17:75898723_G>A	NA	NA	NA	NA	NA	NA	1.000000	NA	NA	1.000000	NA	NA	0.000000	NA	NA	NA	NA	NA	0.625000	NA	0.142857	NA	NA	0.000000	NA	NA	NA	0.200000	0.250000	NA	NA	NA	NA	NA	NA	0.000000	NA	NA	0.250000	0.571429	NA	NA	NA	NA	NA	NA	NA	NA	NA	NA	NA	0.428571	0.000000	NA	NA	NA	NA	NA	0.000000	NA	NA	NA	NA	NA	NA	NA	0.000000	NA	NA	0.750000	NA	NA	NA	NA	NA	NA	NA	NA	NA	0.500000	NA	NA	NA	NA	NA	NA	NA	NA	NA	NA	NA	NA	0.500000	NA	NA	NA	NA	NA
17:76270929_T>C	0.250000	0.333333	1.000000	NA	0.000000	NA	0.666667	0.333333	NA	NA	NA	NA	0.250000	0.200000	0.500000	NA	0.625000	0.600000	NA	NA	0.777778	0.000000	NA	0.000000	0.000000	0.266667	0.166667	0.750000	0.050000	NA	0.500000	1.000000	0.363636	NA	0.333333	0.333333	0.200000	NA	NA	0.714286	0.272727	NA	NA	0.000000	NA	0.142857	0.444444	NA	0.000000	0.142857	0.333333	0.266667	NA	0.400000	0.400000	0.000000	0.000000	NA	NA	0.571429	NA	1.000000	0.375000	1.000000	NA	0.000000	NA	1.000000	NA	0.454545	NA	0.750000	NA	0.166667	NA	0.000000	0.714286	NA	0.857143	0.611111	1.000000	1.000000	0.333333	NA	0.833333	0.285714	0.690909	NA	0.714286	0.500000	0.666667	0.333333	0.812500	NA	0.000000	NA	0.333333	1.000000
17:76564405_G>A	NA	NA	NA	NA	NA	NA	NA	NA	NA	NA	NA	NA	NA	NA	NA	NA	NA	NA	NA	NA	NA	NA	NA	0.000000	NA	NA	NA	NA	0.000000	NA	NA	0.000000	NA	NA	NA	NA	NA	NA	NA	NA	NA	NA	NA	0.000000	NA	NA	0.000000	NA	NA	NA	NA	NA	NA	NA	NA	NA	NA	NA	NA	NA	NA	NA	NA	NA	1.000000	NA	NA	NA	NA	NA	NA	NA	NA	NA	1.000000	NA	NA	NA	NA	NA	NA	NA	NA	NA	NA	NA	NA	NA	NA	NA	NA	NA	NA	NA	NA	NA	0.000000	NA
17:77150181_T>C	NA	NA	NA	NA	NA	NA	NA	NA	NA	NA	NA	NA	0.000000	NA	0.000000	NA	0.000000	0.333333	NA	NA	NA	NA	NA	NA	NA	NA	NA	0.000000	0.333333	0.000000	NA	NA	NA	NA	NA	NA	NA	NA	NA	NA	0.000000	NA	NA	NA	0.000000	NA	NA	NA	NA	NA	NA	NA	NA	1.000000	NA	NA	NA	NA	NA	0.000000	NA	NA	NA	NA	NA	NA	NA	NA	NA	0.000000	NA	NA	NA	NA	NA	NA	NA	0.000000	NA	NA	NA	NA	NA	NA	NA	NA	0.000000	NA	NA	0.000000	NA	0.000000	0.000000	NA	NA	NA	0.200000	NA
17:78765957_G>A	NA	NA	NA	NA	0.142857	NA	NA	NA	NA	NA	NA	NA	NA	NA	NA	NA	NA	NA	NA	NA	NA	NA	NA	NA	NA	NA	NA	0.000000	0.500000	NA	NA	0.250000	NA	NA	NA	NA	NA	NA	NA	NA	NA	NA	NA	NA	NA	NA	NA	NA	NA	NA	NA	NA	NA	NA	NA	1.000000	NA	NA	NA	NA	1.000000	NA	NA	0.000000	NA	NA	NA	NA	NA	NA	NA	NA	NA	NA	NA	NA	0.333333	NA	NA	NA	NA	NA	NA	1.000000	NA	NA	NA	NA	NA	NA	NA	NA	NA	NA	1.000000	NA	NA	NA
17:80288344_C>T	NA	NA	NA	NA	0.000000	0.000000	NA	NA	NA	NA	NA	NA	NA	NA	0.000000	NA	NA	NA	NA	NA	0.000000	NA	NA	NA	NA	NA	NA	NA	0.000000	NA	NA	0.000000	NA	NA	NA	0.000000	NA	NA	NA	0.000000	NA	NA	NA	NA	NA	NA	NA	NA	NA	0.000000	NA	NA	NA	0.000000	NA	NA	NA	NA	NA	NA	0.000000	NA	NA	NA	NA	NA	NA	NA	NA	0.000000	NA	NA	NA	NA	NA	0.000000	0.000000	NA	0.642857	0.000000	NA	NA	NA	NA	NA	0.000000	NA	NA	NA	NA	NA	NA	NA	0.000000	NA	NA	NA	NA
17:80288345_A>G	NA	NA	NA	NA	0.000000	0.000000	NA	NA	NA	NA	NA	NA	NA	NA	0.000000	NA	NA	NA	NA	NA	0.000000	NA	NA	NA	NA	NA	NA	NA	0.000000	NA	NA	0.000000	NA	NA	NA	0.000000	NA	NA	NA	0.000000	NA	NA	NA	NA	NA	NA	NA	NA	NA	0.000000	NA	NA	NA	0.000000	NA	NA	NA	NA	NA	NA	0.000000	NA	NA	NA	NA	NA	NA	NA	NA	0.000000	NA	NA	NA	NA	NA	0.000000	0.000000	NA	0.642857	0.000000	NA	NA	NA	NA	NA	0.000000	NA	NA	NA	NA	NA	NA	NA	0.000000	NA	NA	NA	NA
17:80999968_T>C	NA	NA	1.000000	NA	NA	NA	1.000000	NA	NA	NA	NA	NA	NA	NA	NA	1.000000	NA	NA	0.000000	NA	0.000000	NA	NA	1.000000	NA	NA	1.000000	NA	NA	NA	0.000000	NA	NA	NA	0.000000	NA	NA	NA	NA	NA	NA	NA	NA	1.000000	NA	NA	NA	NA	NA	NA	NA	NA	NA	NA	NA	NA	0.384615	NA	NA	NA	NA	NA	NA	NA	NA	NA	0.000000	NA	NA	NA	0.000000	0.000000	NA	NA	NA	NA	NA	0.250000	NA	NA	0.333333	1.000000	NA	NA	1.000000	NA	0.333333	NA	NA	NA	NA	NA	NA	NA	NA	0.000000	NA	NA
17:81584916_T>C	0.000000	NA	NA	NA	NA	NA	NA	NA	NA	NA	NA	NA	NA	NA	NA	NA	NA	NA	NA	NA	NA	NA	0.000000	0.000000	NA	NA	NA	NA	NA	0.000000	NA	NA	NA	NA	NA	NA	NA	NA	NA	NA	NA	NA	NA	0.000000	NA	NA	NA	NA	NA	NA	NA	NA	0.000000	NA	NA	NA	NA	0.000000	NA	NA	NA	NA	NA	NA	NA	NA	NA	NA	NA	NA	NA	NA	NA	NA	0.000000	NA	0.000000	NA	NA	NA	NA	NA	NA	NA	NA	NA	NA	NA	NA	NA	NA	NA	NA	NA	NA	NA	NA	NA
17:81665333_C>T	0.000000	0.000000	NA	NA	NA	NA	NA	NA	NA	NA	NA	NA	NA	1.000000	NA	NA	NA	1.000000	0.000000	NA	0.000000	NA	1.000000	NA	NA	NA	NA	1.000000	NA	NA	NA	NA	1.000000	NA	NA	NA	0.800000	NA	NA	0.000000	0.666667	NA	NA	0.000000	NA	NA	NA	NA	NA	NA	0.666667	0.000000	NA	NA	NA	0.000000	NA	0.000000	NA	NA	NA	NA	NA	NA	NA	1.000000	0.600000	NA	0.800000	0.000000	NA	NA	NA	NA	0.000000	NA	1.000000	0.000000	0.000000	NA	NA	NA	1.000000	0.000000	NA	NA	NA	NA	NA	NA	0.200000	NA	0.000000	1.000000	NA	NA	0.000000	NA
17:81681336_A>G	NA	0.000000	0.000000	0.857143	NA	NA	NA	NA	NA	0.000000	NA	NA	NA	NA	NA	0.666667	NA	NA	NA	NA	NA	1.000000	NA	0.666667	NA	NA	1.000000	NA	1.000000	NA	NA	1.000000	NA	NA	NA	NA	NA	NA	NA	1.000000	NA	NA	NA	NA	NA	0.500000	NA	NA	0.000000	1.000000	NA	NA	NA	NA	NA	NA	NA	NA	NA	NA	NA	NA	NA	NA	NA	NA	NA	NA	NA	0.500000	NA	NA	1.000000	NA	NA	NA	NA	0.428571	NA	NA	NA	NA	NA	NA	NA	NA	0.181818	NA	NA	0.666667	NA	NA	0.000000	NA	NA	NA	NA	NA
17:81681497_A>G	NA	0.000000	NA	NA	1.000000	0.000000	NA	0.700000	NA	0.000000	NA	NA	0.000000	NA	NA	0.750000	NA	NA	NA	NA	NA	0.571429	NA	0.666667	NA	NA	0.800000	NA	1.000000	1.000000	NA	1.000000	0.000000	NA	1.000000	NA	NA	NA	NA	1.000000	NA	NA	NA	NA	NA	0.285714	1.000000	NA	0.000000	1.000000	NA	1.000000	NA	NA	NA	NA	NA	NA	NA	NA	NA	NA	NA	0.000000	NA	NA	0.428571	NA	NA	NA	NA	1.000000	NA	NA	NA	NA	NA	0.800000	NA	NA	NA	NA	NA	NA	NA	NA	0.000000	NA	NA	0.333333	NA	NA	0.500000	NA	NA	NA	0.000000	NA
17:81843412_C>A	0.385714	0.377049	0.479532	0.550000	0.402685	0.544554	0.712329	0.419355	0.544554	0.360000	0.736842	0.363636	0.438596	0.722222	0.643678	0.657895	0.612903	0.676056	1.000000	0.461538	0.564885	0.500000	0.552846	0.358209	NA	0.345745	0.363636	0.444444	0.486590	0.263158	0.491525	0.560606	0.450000	0.857143	0.468085	0.507937	0.390244	0.401575	0.826087	0.484043	0.558824	0.747253	0.366667	0.530303	0.527273	0.465116	0.357143	0.538462	NA	0.409091	0.268750	0.416667	0.464567	0.461538	0.436364	0.187500	0.639175	0.583333	0.200000	0.000000	0.200000	0.257143	0.820513	1.000000	0.245283	0.785714	0.846154	0.340909	0.545455	0.393519	NA	0.878049	0.807692	0.500000	0.333333	NA	0.409836	0.591837	NA	0.620690	0.540000	0.419355	0.619048	NA	0.617647	1.000000	0.500000	NA	0.040000	0.619048	0.703704	0.713178	0.508108	0.851064	1.000000	0.478261	0.437500	0.428571
17:81887974_G>A	0.500000	NA	0.666667	NA	NA	NA	0.111111	NA	0.200000	0.500000	NA	NA	0.500000	NA	NA	NA	NA	0.250000	NA	NA	0.833333	0.666667	NA	0.272727	NA	0.384615	NA	0.444444	0.458333	NA	0.375000	0.555556	NA	NA	NA	NA	NA	NA	NA	0.470588	0.500000	NA	NA	0.666667	0.500000	0.363636	NA	NA	NA	0.692308	NA	0.428571	0.000000	NA	0.333333	NA	NA	NA	NA	NA	0.666667	NA	0.000000	0.250000	0.333333	0.333333	0.600000	NA	NA	0.437500	0.333333	NA	1.000000	NA	1.000000	NA	0.454545	0.000000	NA	0.583333	NA	0.666667	NA	NA	0.500000	NA	0.450000	NA	NA	NA	0.416667	0.750000	0.250000	0.000000	NA	NA	0.600000	0.500000
17:82036043_C>T	0.400000	0.666667	0.000000	0.000000	0.181818	0.000000	0.500000	NA	NA	NA	1.000000	1.000000	0.500000	NA	NA	0.000000	1.000000	0.166667	NA	1.000000	1.000000	NA	1.000000	0.272727	0.000000	0.125000	0.666667	0.666667	0.444444	0.000000	0.181818	0.444444	0.500000	NA	NA	1.000000	NA	0.000000	NA	0.555556	1.000000	NA	0.000000	NA	0.000000	0.629630	1.000000	NA	NA	0.500000	0.250000	0.357143	0.000000	0.000000	0.736842	0.000000	0.722222	0.600000	1.000000	NA	1.000000	0.000000	0.000000	0.285714	0.000000	NA	0.444444	0.100000	NA	0.400000	NA	0.000000	NA	NA	0.923077	1.000000	0.631579	0.666667	0.000000	0.857143	NA	NA	0.625000	NA	NA	0.666667	0.666667	NA	NA	1.000000	0.944444	1.000000	0.400000	NA	1.000000	NA	0.555556	0.444444
17:82256227_C>T	0.000000	NA	NA	0.000000	NA	NA	NA	0.000000	0.200000	NA	0.000000	NA	NA	NA	NA	NA	NA	NA	NA	NA	NA	NA	NA	NA	NA	NA	NA	NA	NA	0.000000	NA	NA	NA	NA	NA	NA	NA	NA	NA	NA	NA	NA	NA	NA	NA	NA	NA	NA	NA	NA	NA	NA	NA	NA	NA	0.076923	NA	0.000000	1.000000	NA	NA	NA	NA	NA	NA	NA	0.000000	0.000000	NA	NA	NA	0.000000	NA	0.000000	NA	NA	NA	NA	NA	NA	NA	NA	NA	NA	NA	NA	NA	NA	NA	NA	NA	NA	NA	0.000000	NA	NA	NA	NA
17:82265317_T>C	NA	NA	NA	NA	NA	NA	0.000000	NA	0.000000	NA	NA	NA	NA	NA	NA	NA	NA	NA	NA	NA	NA	NA	NA	NA	NA	NA	NA	NA	NA	NA	0.142857	NA	NA	NA	NA	NA	NA	NA	NA	NA	NA	NA	NA	NA	NA	NA	NA	0.000000	NA	NA	NA	NA	NA	NA	NA	0.428571	NA	NA	NA	NA	NA	NA	NA	NA	NA	NA	NA	NA	NA	NA	NA	NA	NA	NA	0.000000	NA	NA	NA	0.000000	NA	NA	NA	NA	NA	NA	NA	NA	0.000000	NA	NA	NA	NA	NA	NA	NA	NA	NA	0.000000
