Cell line,TCGA classification,Tissue,Tissue sub-type,IC50,AUC
SUP-B8,UNCLASSIFIED,blood,B_cell_leukemia,0.109404,0.479269
TALL-1,ALL,blood,lymphoblastic_T_cell_leukaemia,0.128311,0.501883
697,UNCLASSIFIED,blood,lymphoblastic_leukemia,0.213858,0.508417
RPMI-8402,ALL,blood,lymphoblastic_T_cell_leukaemia,0.214188,0.508526
JURL-MK1,LCML,blood,chronic_myeloid_leukaemia,0.222203,0.578017
RCH-ACV,UNCLASSIFIED,blood,B_cell_leukemia,0.242297,0.591458
MOLM-13,LAML,blood,acute_myeloid_leukaemia,0.243487,0.524869
BC-1,DLBC,blood,B_cell_lymphoma,0.262388,0.533911
SIG-M5,LAML,blood,acute_myeloid_leukaemia,0.293386,0.621149
NB4,LAML,blood,acute_myeloid_leukaemia,0.299581,0.622811
WIL2-NS,UNCLASSIFIED,blood,lymphoid_neoplasm_other,0.373551,0.576909
DOHH-2,DLBC,blood,B_cell_lymphoma,0.411949,0.67085
MV-4-11,UNCLASSIFIED,blood,leukemia,0.441125,0.600101
CTB-1,DLBC,blood,B_cell_lymphoma,0.528165,0.665804
NB69,NB,nervous_system,neuroblastoma,0.581651,0.620447
SU-DHL-10,DLBC,blood,B_cell_lymphoma,0.690847,0.657028
A3-KAW,DLBC,blood,B_cell_lymphoma,0.780221,0.67042
HAL-01,ALL,blood,lymphoblastic_leukemia,0.842149,0.676459
P12-ICHIKAWA,ALL,blood,lymphoblastic_T_cell_leukaemia,0.842277,0.677971
KE-37,ALL,blood,lymphoblastic_leukemia,0.869601,0.68474
KASUMI-1,LAML,blood,acute_myeloid_leukaemia,0.931786,0.770007
CML-T1,LCML,blood,chronic_myeloid_leukaemia,1.003926,0.700218
ML-2,LAML,blood,acute_myeloid_leukaemia,1.010376,0.698624
WSU-NHL,UNCLASSIFIED,blood,lymphoid_neoplasm_other,1.055841,0.70009
HSC-39,STAD,digestive_system,stomach,1.091468,0.712298
PL-21,LAML,blood,acute_myeloid_leukaemia,1.092436,0.771863
BALL-1,UNCLASSIFIED,blood,B_cell_leukemia,1.1696,0.720195
SR,UNCLASSIFIED,blood,lymphoid_neoplasm_other,1.182592,0.721783
OCI-AML2,LAML,blood,acute_myeloid_leukaemia,1.264738,0.730171
RPMI-8866,LCML,blood,chronic_myeloid_leukaemia,1.384981,0.808495
YT,ALL,blood,lymphoid_neoplasm_other,1.4012,0.735901
OCI-LY7,DLBC,blood,B_cell_lymphoma,1.431312,0.828925
JiyoyeP-2003,UNCLASSIFIED,blood,Burkitt_lymphoma,1.443697,0.734179
NALM-6,UNCLASSIFIED,blood,B_cell_leukemia,1.485022,0.740045
JVM-3,CLL,blood,lymphoid_neoplasm_other,1.510887,0.735865
DG-75,UNCLASSIFIED,blood,Burkitt_lymphoma,1.534242,0.735214
GA-10,UNCLASSIFIED,blood,Burkitt_lymphoma,1.56044,0.741532
OCI-LY-19,DLBC,blood,B_cell_lymphoma,1.61096,0.829903
GR-ST,ALL,blood,lymphoblastic_leukemia,1.614317,0.723088
G-401,UNCLASSIFIED,kidney,kidney,1.644865,0.719092
D-283MED,MB,nervous_system,medulloblastoma,1.671903,0.750359
JVM-2,CLL,blood,lymphoid_neoplasm_other,1.71543,0.735845
KM12,COREAD,digestive_system,large_intestine,1.763082,0.735986
RS4-11,ALL,blood,leukemia,1.763814,0.766467
ES1,UNCLASSIFIED,bone,ewings_sarcoma,1.841953,0.756496
MOLT-16,ALL,blood,lymphoblastic_T_cell_leukaemia,1.865477,0.78218
KY821,LAML,blood,leukemia,1.974831,0.773094
KOPN-8,UNCLASSIFIED,blood,B_cell_leukemia,2.004558,0.770664
JSC-1,DLBC,blood,B_cell_lymphoma,2.02591,0.773725
SKM-1,UNCLASSIFIED,blood,haematopoietic_neoplasm_other,2.076489,0.857648
A2780,UNCLASSIFIED,urogenital_system,ovary,2.095448,0.750201
NK-92MI,UNCLASSIFIED,blood,lymphoid_neoplasm_other,2.108226,0.878628
NCI-H838,LUAD,lung,lung_NSCLC_adenocarcinoma,2.127569,0.820936
RL,DLBC,blood,B_cell_lymphoma,2.183127,0.841493
SU-DHL-16,DLBC,blood,B_cell_lymphoma,2.27483,0.887161
OCI-AML3,LAML,blood,acute_myeloid_leukaemia,2.283975,0.780059
NKM-1,LAML,blood,acute_myeloid_leukaemia,2.292125,0.772755
WSU-DLCL2,DLBC,blood,B_cell_lymphoma,2.339119,0.798951
ACHN,KIRC,kidney,kidney,2.341774,0.742352
SU-DHL-6,DLBC,blood,B_cell_lymphoma,2.434748,0.808266
NCI-H520,LUSC,lung,lung_NSCLC_squamous_cell_carcinoma,2.469663,0.755609
NCI-H508,COREAD,digestive_system,large_intestine,2.489701,0.819895
NU-DUL-1,DLBC,blood,B_cell_lymphoma,2.619493,0.882174
CAL-54,KIRC,kidney,kidney,2.625617,0.753941
HGC-27,STAD,digestive_system,stomach,2.664469,0.796293
CCRF-CEM,ALL,blood,lymphoblastic_leukemia,2.680884,0.819245
HuTu-80,UNCLASSIFIED,digestive_system,digestive_system_other,2.823268,0.869251
SNU-175,COREAD,digestive_system,large_intestine,2.834566,0.789529
NCI-H460,UNCLASSIFIED,lung,lung_NSCLC_large_cell,2.956187,0.852986
JHU-011,HNSC,aero_digestive_tract,head_and_neck,2.979664,0.854946
CHP-212,NB,nervous_system,neuroblastoma,2.989732,0.790569
BV-173,LCML,blood,chronic_myeloid_leukaemia,2.990149,0.810528
KYM-1,UNCLASSIFIED,soft_tissue,rhabdomyosarcoma,3.114293,0.808502
GDM-1,LAML,blood,acute_myeloid_leukaemia,3.144114,0.803223
BE-13,ALL,blood,lymphoblastic_leukemia,3.14597,0.80828
MHH-PREB-1,UNCLASSIFIED,blood,B_cell_leukemia,3.158622,0.823811
LC4-1,ALL,blood,lymphoblastic_leukemia,3.17897,0.825344
SU-DHL-4,DLBC,blood,B_cell_lymphoma,3.199686,0.904736
HEL,LAML,blood,acute_myeloid_leukaemia,3.233002,0.9109
BONNA-12,-,blood,hairy_cell_leukaemia,3.246454,0.874251
BB49-HNC,HNSC,aero_digestive_tract,head_and_neck,3.250164,0.78229
IMR-5,NB,nervous_system,neuroblastoma,3.250704,0.832495
SU-DHL-5,DLBC,blood,B_cell_lymphoma,3.272864,0.850412
LS-513,COREAD,digestive_system,large_intestine,3.337745,0.846241
KARPAS-45,ALL,blood,lymphoblastic_leukemia,3.36207,0.836288
PF-382,ALL,blood,lymphoblastic_T_cell_leukaemia,3.362334,0.820851
CTV-1,LAML,blood,acute_myeloid_leukaemia,3.44126,0.844287
VAL,DLBC,blood,B_cell_lymphoma,3.472381,0.816275
LAMA-84,LCML,blood,chronic_myeloid_leukaemia,3.495455,0.838721
KMS-12-BM,MM,blood,myeloma,3.550366,0.844169
A4-Fuk,DLBC,blood,B_cell_lymphoma,3.588466,0.829504
MZ2-MEL,SKCM,skin,melanoma,3.66257,0.862679
CRO-AP2,DLBC,blood,B_cell_lymphoma,3.667872,0.911054
NCI-H211,SCLC,lung,lung_small_cell_carcinoma,3.824238,0.833059
DEL,UNCLASSIFIED,blood,lymphoid_neoplasm_other,3.857328,0.852116
LoVo,COREAD,digestive_system,large_intestine,3.884607,0.788235
OCI-AML5,LAML,blood,acute_myeloid_leukaemia,3.971292,0.916
KARPAS-299,UNCLASSIFIED,blood,anaplastic_large_cell_lymphoma,3.998565,0.839222
LOUCY,ALL,blood,lymphoblastic_T_cell_leukaemia,4.010337,0.83983
NB14,NB,nervous_system,neuroblastoma,4.128148,0.84559
KU812,LCML,blood,chronic_myeloid_leukaemia,4.205367,0.835448
Farage,DLBC,blood,B_cell_lymphoma,4.207652,0.922354
P32-ISH,UNCLASSIFIED,blood,Burkitt_lymphoma,4.210114,0.875789
REH,UNCLASSIFIED,blood,B_cell_leukemia,4.224253,0.85328
SW982,UNCLASSIFIED,soft_tissue,soft_tissue_other,4.24114,0.811957
LNCaP-Clone-FGC,PRAD,urogenital_system,prostate,4.369953,0.812914
DB,DLBC,blood,B_cell_lymphoma,4.421483,0.832601
Hs-940-T,SKCM,skin,melanoma,4.47081,0.855109
Jurkat,ALL,blood,T_cell_leukemia,4.516875,0.860889
769-P,KIRC,kidney,kidney,4.525618,0.817138
OCI-M1,LAML,blood,acute_myeloid_leukaemia,4.552798,0.863695
KM-H2,UNCLASSIFIED,blood,Hodgkin_lymphoma,4.567362,0.854378
KCL-22,LCML,blood,chronic_myeloid_leukaemia,4.613096,0.854338
SUP-M2,UNCLASSIFIED,blood,anaplastic_large_cell_lymphoma,4.61843,0.885384
JEKO-1,DLBC,blood,B_cell_lymphoma,4.80297,0.920466
ES7,UNCLASSIFIED,bone,ewings_sarcoma,4.837008,0.844678
G-402,UNCLASSIFIED,soft_tissue,soft_tissue_other,4.912254,0.819346
SK-ES-1,UNCLASSIFIED,bone,ewings_sarcoma,4.916613,0.855751
RCC-FG2,KIRC,kidney,kidney,4.922557,0.874388
DOV13,OV,urogenital_system,ovary,4.967318,0.846815
BFTC-905,BLCA,urogenital_system,bladder,5.012596,0.844649
RPMI-6666,UNCLASSIFIED,blood,Hodgkin_lymphoma,5.083037,0.840929
NCI-H322M,LUAD,lung,lung_NSCLC_adenocarcinoma,5.104892,0.810122
MOLT-13,ALL,blood,lymphoblastic_T_cell_leukaemia,5.256095,0.873633
MOLM-16,LAML,blood,acute_myeloid_leukaemia,5.349366,0.92874
Raji,UNCLASSIFIED,blood,Burkitt_lymphoma,5.463725,0.875199
G-MEL,SKCM,skin,melanoma,5.516111,0.928726
COLO-205,COREAD,digestive_system,large_intestine,5.565748,0.832903
STS-0421,UNCLASSIFIED,soft_tissue,soft_tissue_other,5.583037,0.894534
SUP-T1,ALL,blood,lymphoblastic_T_cell_leukaemia,5.607307,0.841478
ES8,UNCLASSIFIED,bone,ewings_sarcoma,5.648534,0.87552
SNU-16,STAD,digestive_system,stomach,5.698966,0.877282
KARPAS-422,DLBC,blood,B_cell_lymphoma,5.732629,0.851593
OPM-2,MM,blood,myeloma,5.816762,0.884936
BEN,UNCLASSIFIED,lung,lung_NSCLC_not_specified,6.098963,0.860327
HARA,LUSC,lung,lung_NSCLC_squamous_cell_carcinoma,6.198189,0.848773
NCI-H1437,LUAD,lung,lung_NSCLC_adenocarcinoma,6.275968,0.899381
NCI-H3122,LUAD,lung,lung_NSCLC_adenocarcinoma,6.28876,0.830688
P30-OHK,ALL,blood,lymphoblastic_leukemia,6.392656,0.903085
MONO-MAC-6,LAML,blood,acute_myeloid_leukaemia,6.42109,0.878883
ARH-77,MM,blood,myeloma,6.433383,0.879414
EW-12,UNCLASSIFIED,bone,ewings_sarcoma,6.435541,0.930323
ATN-1,ALL,blood,lymphoblastic_T_cell_leukaemia,6.476238,0.894931
HT55,COREAD,digestive_system,large_intestine,6.487414,0.835472
SW48,COREAD,digestive_system,large_intestine,6.50871,0.835351
TOV-112D,OV,urogenital_system,ovary,6.515396,0.869425
IPC-298,SKCM,skin,melanoma,6.559994,0.901484
HT-29,COREAD,digestive_system,large_intestine,6.571258,0.838548
QIMR-WIL,LAML,blood,acute_myeloid_leukaemia,6.587461,0.950415
LS-180,COREAD,digestive_system,large_intestine,6.617578,0.834452
CESS,LAML,blood,acute_myeloid_leukaemia,6.621132,0.881553
H4,LGG,nervous_system,glioma,6.63984,0.871266
EoL-1-cell,UNCLASSIFIED,blood,haematopoietic_neoplasm_other,6.680817,0.908245
OACM5-1,ESCA,aero_digestive_tract,oesophagus,6.71071,0.838584
IM-9,MM,blood,myeloma,6.806524,0.897649
NAMALWA,UNCLASSIFIED,blood,Burkitt_lymphoma,6.819953,0.894868
KP-N-YS,NB,nervous_system,neuroblastoma,6.849154,0.929603
SBC-3,SCLC,lung,lung_small_cell_carcinoma,6.866261,0.859061
KARPAS-1106P,DLBC,blood,B_cell_lymphoma,6.882673,0.890672
CAKI-1,KIRC,kidney,kidney,6.894942,0.852171
CHP-134,NB,nervous_system,neuroblastoma,6.919045,0.87687
ROS-50,UNCLASSIFIED,blood,B_cell_leukemia,6.937433,0.888269
IGROV-1,OV,urogenital_system,ovary,6.950464,0.832667
SU-DHL-1,UNCLASSIFIED,blood,anaplastic_large_cell_lymphoma,6.964967,0.926057
NCI-H1792,LUAD,lung,lung_NSCLC_adenocarcinoma,6.980395,0.875312
MC116,DLBC,blood,B_cell_lymphoma,7.044277,0.970595
NB(TU)1-10,NB,nervous_system,neuroblastoma,7.045207,0.870034
NCI-H2795,MESO,lung,mesothelioma,7.048656,0.853683
JAR,UNCLASSIFIED,urogenital_system,urogenital_system_other,7.069551,0.931778
Hs-683,LGG,nervous_system,glioma,7.074818,0.914913
AGS,STAD,digestive_system,stomach,7.095536,0.867044
MRK-nu-1,BRCA,breast,breast,7.115977,0.894927
SCC-3,DLBC,blood,B_cell_lymphoma,7.336694,0.908468
MOG-G-UVW,LGG,nervous_system,glioma,7.381402,0.875164
A549,LUAD,lung,lung_NSCLC_adenocarcinoma,7.468498,0.847496
BFTC-909,KIRC,kidney,kidney,7.528636,0.871973
HCC2218,BRCA,breast,breast,7.589353,0.932616
A427,UNCLASSIFIED,lung,lung_NSCLC_not_specified,7.70485,0.932149
EW-1,UNCLASSIFIED,bone,ewings_sarcoma,7.784737,0.888076
SK-MEL-28,SKCM,skin,melanoma,7.80563,0.893772
COLO-320-HSR,COREAD,digestive_system,large_intestine,7.817153,0.892867
ALL-PO,ALL,blood,lymphoblastic_leukemia,7.83464,0.910194
SK-N-DZ,NB,nervous_system,neuroblastoma,7.891341,0.885334
NCI-H929,MM,blood,myeloma,7.912059,0.894933
NCI-H716,COREAD,digestive_system,large_intestine,7.941738,0.847604
SK-CO-1,COREAD,digestive_system,large_intestine,8.037112,0.862602
EW-7,UNCLASSIFIED,bone,ewings_sarcoma,8.251339,0.892033
CAL-39,CESC,urogenital_system,cervix,8.327112,0.872164
JHU-029,HNSC,aero_digestive_tract,head_and_neck,8.347586,0.91618
TUR,DLBC,blood,B_cell_lymphoma,8.371464,0.921402
HT,DLBC,blood,B_cell_lymphoma,8.376864,0.896158
U031,KIRC,kidney,kidney,8.38705,0.916154
RERF-LC-Sq1,LUSC,lung,lung_NSCLC_squamous_cell_carcinoma,8.429376,0.861189
MOLP-8,MM,blood,myeloma,8.4397,0.901522
SW156,KIRC,kidney,kidney,8.521439,0.896958
THP-1,LAML,blood,acute_myeloid_leukaemia,8.555385,0.932772
KGN,UNCLASSIFIED,urogenital_system,ovary,8.568928,0.860751
NCI-H1648,LUAD,lung,lung_NSCLC_adenocarcinoma,8.632783,0.863186
ST486,UNCLASSIFIED,blood,Burkitt_lymphoma,8.743627,0.902737
BL-41,UNCLASSIFIED,blood,Burkitt_lymphoma,8.757723,0.94989
LOXIMVI,SKCM,skin,melanoma,8.78908,0.880065
NCI-H1755,LUAD,lung,lung_NSCLC_adenocarcinoma,8.813165,0.852795
K5,THCA,thyroid,thyroid,8.871533,0.86647
RCC-ER,KIRC,kidney,kidney,8.924433,0.921824
DND-41,ALL,blood,T_cell_leukemia,8.998852,0.928109
A673,UNCLASSIFIED,soft_tissue,rhabdomyosarcoma,9.205609,0.892282
JM1,DLBC,blood,B_cell_lymphoma,9.2243,0.980505
KU-19-19,BLCA,urogenital_system,bladder,9.244915,0.889528
NOMO-1,LAML,blood,acute_myeloid_leukaemia,9.405387,0.905639
OC-314,OV,urogenital_system,ovary,9.426523,0.897718
AMO-1,MM,blood,haematopoietic_neoplasm_other,9.439753,0.917698
MDST8,COREAD,digestive_system,large_intestine,9.455129,0.884333
KYSE-150,ESCA,aero_digestive_tract,oesophagus,9.506731,0.875857
22RV1,PRAD,urogenital_system,prostate,9.519063,0.843461
HO-1-u-1,HNSC,aero_digestive_tract,head_and_neck,9.539101,0.877852
CHP-126,NB,nervous_system,neuroblastoma,9.631996,0.914165
ALL-SIL,ALL,blood,T_cell_leukemia,9.720403,0.921752
T-T,ESCA,aero_digestive_tract,oesophagus,9.828176,0.894119
HL-60,LAML,blood,acute_myeloid_leukaemia,10.030386,0.911219
CADO-ES1,UNCLASSIFIED,bone,ewings_sarcoma,10.098473,0.907108
RPMI-8226,MM,blood,myeloma,10.301761,0.922598
RXF393,KIRC,kidney,kidney,10.305127,0.91268
TC-71,UNCLASSIFIED,bone,ewings_sarcoma,10.305417,0.913621
GI-ME-N,NB,nervous_system,neuroblastoma,10.338723,0.852456
BC-3,DLBC,blood,B_cell_lymphoma,10.427918,0.980581
SW1463,COREAD,digestive_system,large_intestine,10.484006,0.876275
U-698-M,UNCLASSIFIED,blood,B_cell_leukemia,10.666962,0.915458
LNZTA3WT4,GBM,nervous_system,glioma,10.724504,0.924064
MOLT-4,ALL,blood,lymphoblastic_leukemia,10.766616,0.933857
NCI-H209,SCLC,lung,lung_small_cell_carcinoma,10.935368,0.910097
Daudi,UNCLASSIFIED,blood,Burkitt_lymphoma,10.957985,0.926513
HCE-4,ESCA,aero_digestive_tract,oesophagus,11.213936,0.949039
HH,UNCLASSIFIED,blood,T_cell_leukemia,11.251697,0.887701
Hs-633T,UNCLASSIFIED,soft_tissue,fibrosarcoma,11.263055,0.912562
NCI-H1993,LUAD,lung,lung_NSCLC_adenocarcinoma,11.290325,0.875291
KP-4,PAAD,pancreas,pancreas,11.33479,0.911857
NCI-H2122,LUAD,lung,lung_NSCLC_adenocarcinoma,11.337903,0.910654
CP50-MEL-B,SKCM,skin,melanoma,11.417939,0.939206
SAS,HNSC,aero_digestive_tract,head_and_neck,11.471364,0.888635
KMS-11,MM,blood,myeloma,11.541424,0.950109
RCC-JF,KIRC,kidney,kidney,11.594328,0.929927
786-0,KIRC,kidney,kidney,11.601633,0.887395
HT-115,COREAD,digestive_system,large_intestine,11.619684,0.942356
SCH,UNCLASSIFIED,digestive_system,stomach,11.663681,0.93
NOS-1,UNCLASSIFIED,bone,osteosarcoma,11.715068,0.906926
PA-1,UNCLASSIFIED,urogenital_system,ovary,11.741301,0.902246
MDA-MB-453,BRCA,breast,breast,11.806723,0.891636
L-363,MM,blood,myeloma,11.939193,0.944579
MHH-CALL-2,UNCLASSIFIED,blood,B_cell_leukemia,11.995754,0.927405
HO-1-N-1,HNSC,aero_digestive_tract,head_and_neck,12.049637,0.908968
SNU-1,STAD,digestive_system,stomach,12.12123,0.909392
ES-2,UNCLASSIFIED,urogenital_system,ovary,12.148177,0.888199
SW620,COREAD,digestive_system,large_intestine,12.331677,0.867446
NB17,NB,nervous_system,neuroblastoma,12.417041,0.959495
EW-3,UNCLASSIFIED,bone,ewings_sarcoma,12.627043,0.890952
NCI-H28,MESO,lung,mesothelioma,12.641127,0.808222
HCT-15,COREAD,digestive_system,large_intestine,12.645685,0.900185
SK-N-FI,NB,nervous_system,neuroblastoma,12.670745,0.893204
LB373-MEL-D,SKCM,skin,melanoma,12.67712,0.942053
CP66-MEL,SKCM,skin,melanoma,12.703278,0.909967
LB1047-RCC,KIRC,kidney,kidney,12.811255,0.909567
MHH-ES-1,UNCLASSIFIED,bone,ewings_sarcoma,12.877243,0.905148
SW954,UNCLASSIFIED,urogenital_system,urogenital_system_other,13.002927,0.949124
HSC-3,HNSC,aero_digestive_tract,head_and_neck,13.023818,0.907184
SHP-77,SCLC,lung,lung_small_cell_carcinoma,13.024554,0.921522
LB2241-RCC,KIRC,kidney,kidney,13.094918,0.918183
EB2,UNCLASSIFIED,blood,Burkitt_lymphoma,13.131335,0.900317
KON,HNSC,aero_digestive_tract,head_and_neck,13.297086,0.953565
NB10,NB,nervous_system,neuroblastoma,13.390353,0.914703
ES6,UNCLASSIFIED,bone,ewings_sarcoma,13.39096,0.866994
Calu-6,LUAD,lung,lung_NSCLC_adenocarcinoma,13.430836,0.86543
RPMI-7951,SKCM,skin,melanoma,13.570693,0.915244
MES-SA,UNCLASSIFIED,urogenital_system,uterus,13.585038,0.907163
MHH-CALL-4,-,blood,B_cell_leukemia,13.795683,0.953526
MZ7-mel,SKCM,skin,melanoma,13.815582,0.940747
HDLM-2,UNCLASSIFIED,blood,Hodgkin_lymphoma,13.831326,0.913588
SK-N-AS,NB,nervous_system,neuroblastoma,13.842876,0.883547
HCT-116,COREAD,digestive_system,large_intestine,13.860879,0.914526
HC-1,UNCLASSIFIED,blood,hairy_cell_leukaemia,14.024061,0.927751
RC-K8,DLBC,blood,B_cell_lymphoma,14.06935,0.904861
SUP-B15,ALL,blood,lymphoblastic_leukemia,14.079158,0.951745
HMV-II,SKCM,skin,melanoma,14.225812,0.879235
P31-FUJ,LAML,blood,acute_myeloid_leukaemia,14.38974,0.92278
A172,GBM,nervous_system,glioma,14.564365,0.89711
A431,UNCLASSIFIED,skin,skin_other,14.578843,0.932387
SU-DHL-8,DLBC,blood,B_cell_lymphoma,14.592552,0.964443
C3A,LIHC,digestive_system,liver,14.879003,0.857234
OVTOKO,OV,urogenital_system,ovary,14.885872,0.876636
MC-IXC,NB,nervous_system,neuroblastoma,14.920453,0.96376
KARPAS-620,MM,blood,haematopoietic_neoplasm_other,15.142457,0.926446
MLMA,UNCLASSIFIED,blood,hairy_cell_leukaemia,15.146102,0.929362
NCI-H835,UNCLASSIFIED,lung,lung_NSCLC_carcinoid,15.338856,0.924537
TE-15,ESCA,aero_digestive_tract,oesophagus,15.385564,0.932201
CA46,UNCLASSIFIED,blood,Burkitt_lymphoma,15.560852,0.912634
ES5,UNCLASSIFIED,bone,ewings_sarcoma,15.562728,0.954665
NCI-H2030,LUAD,lung,lung_NSCLC_adenocarcinoma,15.578717,0.915616
NCI-H290,MESO,lung,mesothelioma,15.662507,0.945183
KG-1,LAML,blood,acute_myeloid_leukaemia,15.734017,0.937553
SK-MEL-3,SKCM,skin,melanoma,15.741785,0.940591
GAK,SKCM,skin,melanoma,15.792651,0.915799
NCI-H847,SCLC,lung,lung_small_cell_carcinoma,15.888681,0.947207
EM-2,LCML,blood,chronic_myeloid_leukaemia,15.956069,0.940822
L-540,UNCLASSIFIED,blood,Hodgkin_lymphoma,16.027567,0.942645
L-1236,UNCLASSIFIED,blood,Hodgkin_lymphoma,16.167877,0.93081
M14,SKCM,skin,melanoma,16.192832,0.908266
SH-4,SKCM,skin,melanoma,16.256701,0.895267
ETK-1,UNCLASSIFIED,digestive_system,biliary_tract,16.398697,0.904913
NCI-H1703,UNCLASSIFIED,lung,lung_NSCLC_adenocarcinoma,16.477694,0.914225
NCI-H510A,SCLC,lung,lung_small_cell_carcinoma,16.589885,0.969391
8305C,THCA,thyroid,thyroid,16.636148,0.872914
MN-60,UNCLASSIFIED,blood,B_cell_leukemia,16.673903,0.911352
SW13,ACC,kidney,adrenal_gland,16.682397,0.925404
SAT,HNSC,aero_digestive_tract,head_and_neck,16.74207,0.89005
L-428,UNCLASSIFIED,blood,Hodgkin_lymphoma,16.949101,0.946076
IGR-1,SKCM,skin,melanoma,17.193364,0.926691
CAL-51,BRCA,breast,breast,17.257786,0.909923
G-361,SKCM,skin,melanoma,17.374476,0.91538
EMC-BAC-2,LUAD,lung,lung_NSCLC_adenocarcinoma,17.383897,0.893204
NCC010,KIRC,kidney,kidney,17.420594,0.959593
H9,UNCLASSIFIED,blood,lymphoid_neoplasm_other,17.471213,0.964012
KMOE-2,LAML,blood,acute_myeloid_leukaemia,17.498892,0.944729
SK-MEL-30,SKCM,skin,melanoma,17.570778,0.941682
KNS-42,LGG,nervous_system,glioma,17.669317,0.922767
NCI-H69,SCLC,lung,lung_small_cell_carcinoma,17.765775,0.914653
DSH1,BLCA,urogenital_system,bladder,17.868202,0.903787
RKO,COREAD,digestive_system,large_intestine,17.871306,0.928584
Becker,GBM,nervous_system,glioma,17.901889,0.906661
TGW,NB,nervous_system,neuroblastoma,18.109404,0.930309
UMC-11,UNCLASSIFIED,lung,lung_NSCLC_carcinoid,18.136403,0.910184
NCI-H1299,UNCLASSIFIED,lung,lung_NSCLC_large_cell,18.196704,0.899476
GP5d,COREAD,digestive_system,large_intestine,18.204226,0.930401
A375,SKCM,skin,melanoma,18.265241,0.91707
YH-13,GBM,nervous_system,glioma,18.295435,0.906197
D-502MG,LGG,nervous_system,glioma,18.387411,0.905682
FADU,HNSC,aero_digestive_tract,head_and_neck,18.479513,0.924562
WM793B,SKCM,skin,melanoma,18.502979,0.910557
HT-144,SKCM,skin,melanoma,18.667264,0.922991
FU97,STAD,digestive_system,stomach,18.699759,0.887994
CAL-72,UNCLASSIFIED,bone,osteosarcoma,18.752855,0.90486
PCI-30,HNSC,aero_digestive_tract,head_and_neck,18.800986,0.886414
MDA-MB-361,BRCA,breast,breast,18.849659,0.929714
LB2518-MEL,SKCM,skin,melanoma,18.859221,0.951021
BICR10,HNSC,aero_digestive_tract,head_and_neck,18.955526,0.898651
NB6,NB,nervous_system,neuroblastoma,19.025257,0.951873
KATOIII,STAD,digestive_system,stomach,19.040291,0.866738
MDA-MB-231,BRCA,breast,breast,19.202351,0.923015
NCI-H647,UNCLASSIFIED,lung,lung_NSCLC_not_specified,19.280238,0.937157
TE-12,ESCA,aero_digestive_tract,oesophagus,19.374162,0.916412
LB996-RCC,KIRC,kidney,kidney,19.567892,0.898077
FLO-1,ESCA,aero_digestive_tract,oesophagus,19.572466,0.906421
DiFi,COREAD,digestive_system,large_intestine,19.917045,0.91468
A704,KIRC,kidney,kidney,20.160914,0.914883
TC-YIK,UNCLASSIFIED,urogenital_system,cervix,20.255903,0.940249
A388,UNCLASSIFIED,skin,skin_other,20.270686,0.938981
D-566MG,GBM,nervous_system,glioma,20.514839,0.971993
NCI-H1944,LUAD,lung,lung_NSCLC_adenocarcinoma,20.569292,0.893964
NCI-H82,SCLC,lung,lung_small_cell_carcinoma,20.71692,0.948416
TE-11,ESCA,aero_digestive_tract,oesophagus,20.750283,0.968632
SW1710,BLCA,urogenital_system,bladder,20.780253,0.904328
OVCAR-5,OV,urogenital_system,ovary,20.996461,0.863613
CCK-81,COREAD,digestive_system,large_intestine,21.155789,0.932924
EW-16,UNCLASSIFIED,bone,ewings_sarcoma,21.1686,0.916861
D-263MG,GBM,nervous_system,glioma,21.177807,0.916347
SF295,GBM,nervous_system,glioma,21.251778,0.944347
MEL-HO,SKCM,skin,melanoma,21.365172,0.953079
NCC021,KIRC,kidney,kidney,21.44988,0.933234
HSC-2,HNSC,aero_digestive_tract,head_and_neck,21.657702,0.938942
A204,UNCLASSIFIED,soft_tissue,rhabdomyosarcoma,21.79957,0.899302
DOK,HNSC,aero_digestive_tract,head_and_neck,21.878068,0.910164
NCI-H358,LUAD,lung,lung_NSCLC_adenocarcinoma,21.952222,0.881889
HTC-C3,THCA,thyroid,thyroid,22.069056,0.911129
RH-1,UNCLASSIFIED,soft_tissue,rhabdomyosarcoma,22.151134,0.966752
YKG-1,GBM,nervous_system,glioma,22.166989,0.948463
NCCIT,-,urogenital_system,testis,22.19374,0.935166
NCI-H3118,UNCLASSIFIED,aero_digestive_tract,head_and_neck,22.319959,0.91191
SBC-5,SCLC,lung,lung_small_cell_carcinoma,22.424704,0.948324
NCI-H1734,LUAD,lung,lung_NSCLC_adenocarcinoma,22.78846,0.977388
NCI-H2452,MESO,lung,mesothelioma,23.021759,0.88949
BE2-M17,NB,nervous_system,neuroblastoma,23.044543,0.928166
EBC-1,LUSC,lung,lung_NSCLC_squamous_cell_carcinoma,23.091553,0.9127
NCI-H2170,LUSC,lung,lung_NSCLC_squamous_cell_carcinoma,23.193038,0.927516
Hs-445,UNCLASSIFIED,blood,Hodgkin_lymphoma,23.214378,0.948438
OVCA433,OV,urogenital_system,ovary,23.32769,0.933967
LC-2-ad,LUAD,lung,lung_NSCLC_adenocarcinoma,23.644571,0.967776
C-33-A,CESC,urogenital_system,cervix,23.648852,0.931043
HuO9,UNCLASSIFIED,bone,osteosarcoma,23.722399,0.94221
MKN28,STAD,digestive_system,stomach,23.724024,0.906877
MY-M12,ALL,blood,leukemia,23.765568,0.988256
NH-12,NB,nervous_system,neuroblastoma,24.152659,0.919693
ONS-76,MB,nervous_system,medulloblastoma,24.22501,0.917824
JJN-3,MM,blood,haematopoietic_neoplasm_other,24.230479,0.969562
IST-SL2,SCLC,lung,lung_small_cell_carcinoma,24.245353,0.930669
K2,SKCM,skin,melanoma,24.321138,0.941148
NCI-H292,UNCLASSIFIED,lung,lung_NSCLC_adenocarcinoma,24.417125,0.950028
NCI-H1869,LUSC,lung,lung_NSCLC_squamous_cell_carcinoma,24.588554,0.906445
KELLY,NB,nervous_system,neuroblastoma,24.689762,0.963186
AU565,BRCA,breast,breast,24.731915,0.941368
D-247MG,GBM,nervous_system,glioma,24.791748,0.93328
IM-95,STAD,digestive_system,stomach,24.84618,0.931061
SNU-407,COREAD,digestive_system,large_intestine,24.955489,0.920708
SK-HEP-1,LIHC,digestive_system,liver,24.965578,0.935812
NCI-H146,SCLC,lung,lung_small_cell_carcinoma,25.131138,0.959387
NCI-H2803,MESO,lung,mesothelioma,25.179814,0.951857
SNU-398,LIHC,digestive_system,liver,25.271238,0.925972
T47D,BRCA,breast,breast,25.389961,0.930105
UACC-62,SKCM,skin,melanoma,25.445128,0.926901
AN3-CA,UCEC,urogenital_system,endometrium,25.480136,0.94215
AM-38,GBM,nervous_system,glioma,25.821623,0.931257
PC-3_[JPC-3],LUAD,lung,lung_NSCLC_adenocarcinoma,26.392941,0.899228
NCI-H524,SCLC,lung,lung_small_cell_carcinoma,26.399788,0.959552
VA-ES-BJ,UNCLASSIFIED,soft_tissue,soft_tissue_other,26.590671,0.90888
TMK-1,STAD,digestive_system,stomach,26.615339,0.958504
RCC-AB,KIRC,kidney,kidney,26.648236,0.933615
A101D,SKCM,skin,melanoma,26.651337,0.920001
HCC2998,COREAD,digestive_system,large_intestine,26.71875,0.950524
NCI-H1581,UNCLASSIFIED,lung,lung_NSCLC_large_cell,26.762872,0.946279
TYK-nu,UNCLASSIFIED,urogenital_system,ovary,26.804689,0.89474
NCI-H1975,LUAD,lung,lung_NSCLC_adenocarcinoma,26.859857,0.917146
NCI-H727,UNCLASSIFIED,lung,lung_NSCLC_carcinoid,27.054472,0.898809
CaR-1,COREAD,digestive_system,large_intestine,27.15463,0.931898
VCaP,PRAD,urogenital_system,prostate,27.184328,0.911589
LS-1034,COREAD,digestive_system,large_intestine,27.516019,0.940666
GCT,UNCLASSIFIED,soft_tissue,soft_tissue_other,27.866824,0.923017
HOS,UNCLASSIFIED,bone,osteosarcoma,27.938469,0.954168
IHH-4,THCA,thyroid,thyroid,28.163028,0.945793
BHT-101,THCA,thyroid,thyroid,28.343512,0.937911
COLO-792,SKCM,skin,melanoma,28.425376,0.936789
RCC10RGB,KIRC,kidney,kidney,28.814619,0.869894
PCI-6A,HNSC,aero_digestive_tract,head_and_neck,29.160556,0.967692
OE21,ESCA,aero_digestive_tract,oesophagus,29.192087,0.924688
Detroit562,HNSC,aero_digestive_tract,head_and_neck,29.226909,0.945055
KP-N-YN,NB,nervous_system,neuroblastoma,29.37701,0.913016
U251,GBM,nervous_system,glioma,29.555922,0.929078
RCC-MF,KIRC,kidney,kidney,29.580683,0.965615
EVSA-T,BRCA,breast,breast,29.749567,0.963527
NCI-H660,OTHER,urogenital_system,prostate,30.103917,0.985936
DMS-53,SCLC,lung,lung_small_cell_carcinoma,30.126034,0.937775
B-CPAP,THCA,thyroid,thyroid,30.274681,0.926046
COLO-829,SKCM,skin,melanoma,30.310664,0.882864
MFM-223,BRCA,breast,breast,30.335192,0.897825
HCC1395,BRCA,breast,breast,30.387653,0.930853
CAMA-1,BRCA,breast,breast,30.461008,0.948445
LS-411N,COREAD,digestive_system,large_intestine,30.587354,0.919967
NCI-H2171,SCLC,lung,lung_small_cell_carcinoma,30.629555,0.993216
U-87-MG,GBM,nervous_system,glioma,30.679236,0.926948
EW-18,UNCLASSIFIED,bone,ewings_sarcoma,30.698474,0.940793
PSN1,PAAD,pancreas,pancreas,30.898731,0.922014
SJSA-1,UNCLASSIFIED,bone,bone_other,30.910383,0.925393
8-MG-BA,GBM,nervous_system,glioma,31.053118,0.957004
EB-3,UNCLASSIFIED,blood,Burkitt_lymphoma,31.353542,0.939181
EW-24,UNCLASSIFIED,bone,ewings_sarcoma,31.378488,0.919452
LXF-289,LUAD,lung,lung_NSCLC_adenocarcinoma,31.490374,0.947702
CHSA0011,UNCLASSIFIED,bone,chondrosarcoma,31.513179,0.938014
KNS-62,LUSC,lung,lung_NSCLC_squamous_cell_carcinoma,31.668115,0.937546
RT-112,BLCA,urogenital_system,bladder,31.684255,0.943257
H-EMC-SS,UNCLASSIFIED,bone,chondrosarcoma,31.761118,0.896867
JHOS-4,OV,urogenital_system,ovary,32.042995,0.962385
Hey,OV,urogenital_system,ovary,32.108161,0.915025
RL95-2,UNCLASSIFIED,urogenital_system,endometrium,32.215376,0.943495
D-423MG,GBM,nervous_system,glioma,32.230681,0.970389
D-245MG,GBM,nervous_system,glioma,32.314106,0.941093
GAMG,LGG,nervous_system,glioma,32.351307,0.934716
BB30-HNC,HNSC,aero_digestive_tract,head_and_neck,32.4082,0.983733
ECC10,UNCLASSIFIED,digestive_system,stomach,33.251235,0.963231
BPH-1,UNCLASSIFIED,urogenital_system,prostate,33.396269,0.921769
SJRH30,UNCLASSIFIED,soft_tissue,rhabdomyosarcoma,33.474207,0.966297
EW-11,UNCLASSIFIED,bone,ewings_sarcoma,33.673367,0.937928
SNU-5,STAD,digestive_system,stomach,33.689983,0.953496
CPC-N,SCLC,lung,lung_small_cell_carcinoma,33.724754,0.957951
SK-MEL-24,SKCM,skin,melanoma,33.744017,0.919105
SW1088,GBM,nervous_system,glioma,33.78719,0.914479
WM1552C,SKCM,skin,melanoma,34.100602,0.933676
MM1S,MM,blood,myeloma,34.200366,0.981393
PCI-15A,HNSC,aero_digestive_tract,head_and_neck,34.510705,0.980098
RT4,BLCA,urogenital_system,bladder,35.107744,0.950034
MHH-NB-11,NB,nervous_system,neuroblastoma,35.427953,0.983917
SKN,UNCLASSIFIED,urogenital_system,uterus,35.485483,0.921775
NCI-H2818,MESO,lung,mesothelioma,35.493005,0.929976
NUGC-3,STAD,digestive_system,stomach,35.496475,0.929113
CW-2,COREAD,digestive_system,large_intestine,35.545152,0.953565
TE-4,ESCA,aero_digestive_tract,oesophagus,35.545506,0.961799
NCI-H2110,UNCLASSIFIED,lung,lung_NSCLC_not_specified,35.891356,0.975914
SNU-C5,COREAD,digestive_system,large_intestine,36.002411,0.926232
CGTH-W-1,THCA,thyroid,thyroid,36.011203,0.938178
MG-63,UNCLASSIFIED,bone,osteosarcoma,36.090191,0.938263
QGP-1,UNCLASSIFIED,pancreas,pancreas,36.602409,0.934272
NCI-H2731,MESO,lung,mesothelioma,37.007465,0.927698
NCI-H1915,UNCLASSIFIED,lung,lung_NSCLC_large_cell,37.049261,0.913463
NTERA-2-cl-D1,UNCLASSIFIED,urogenital_system,testis,37.281965,0.944588
SW780,BLCA,urogenital_system,bladder,37.548226,0.93506
IST-SL1,SCLC,lung,lung_small_cell_carcinoma,37.573,0.991662
PEO1,OV,urogenital_system,ovary,37.675616,0.911046
Mo-T,UNCLASSIFIED,blood,hairy_cell_leukaemia,37.946317,0.944134
IST-MES1,MESO,lung,mesothelioma,38.266404,0.927033
KYSE-450,ESCA,aero_digestive_tract,oesophagus,38.415559,0.937415
23132-87,STAD,digestive_system,stomach,38.429176,0.950442
CAL-148,BRCA,breast,breast,38.637794,0.95804
MIA-PaCa-2,PAAD,pancreas,pancreas,38.691004,0.949523
LU-99A,UNCLASSIFIED,lung,lung_NSCLC_large_cell,38.799331,0.895961
SK-MEL-5,SKCM,skin,melanoma,38.897371,0.961428
RD,UNCLASSIFIED,soft_tissue,rhabdomyosarcoma,38.935724,0.938176
UACC-257,SKCM,skin,melanoma,38.949108,0.924751
COR-L32,SCLC,lung,lung_small_cell_carcinoma,39.030342,0.956258
NCI-H1666,LUAD,lung,lung_NSCLC_adenocarcinoma,39.107279,0.895559
SK-GT-2,STAD,digestive_system,stomach,39.135157,0.949747
Hs-939-T,SKCM,skin,melanoma,39.147959,0.954826
UACC-893,BRCA,breast,breast,39.467446,0.967178
EW-22,UNCLASSIFIED,bone,ewings_sarcoma,39.610932,0.952846
Mewo,SKCM,skin,melanoma,39.62,0.932219
PA-TU-8988T,PAAD,pancreas,pancreas,39.750389,0.949396
U-2-OS,UNCLASSIFIED,bone,osteosarcoma,39.931152,0.951695
OV-17R,OV,urogenital_system,ovary,40.035999,0.964677
CAL-33,HNSC,aero_digestive_tract,head_and_neck,40.534913,0.953967
SK-PN-DW,UNCLASSIFIED,bone,ewings_sarcoma,40.753934,0.964596
COR-L279,SCLC,lung,lung_small_cell_carcinoma,40.895094,0.967389
GRANTA-519,DLBC,blood,B_cell_lymphoma,41.177416,0.951
CAL-85-1,BRCA,breast,breast,41.218698,0.947086
RF-48,STAD,digestive_system,stomach,41.637395,0.956692
CFPAC-1,PAAD,pancreas,pancreas,42.08984,0.92058
SK-LU-1,LUAD,lung,lung_NSCLC_adenocarcinoma,42.176225,0.89591
LU-135,SCLC,lung,lung_small_cell_carcinoma,42.232989,0.960759
DU-4475,BRCA,breast,breast,42.335876,0.985119
TT,THCA,thyroid,thyroid,42.437292,0.880844
MEG-01,LCML,blood,chronic_myeloid_leukaemia,42.459691,0.963496
EW-13,UNCLASSIFIED,bone,ewings_sarcoma,42.537584,0.957344
ME-1,LAML,blood,acute_myeloid_leukaemia,42.632019,0.968463
TOV-21G,OV,urogenital_system,ovary,42.702496,0.92985
MDA-MB-415,BRCA,breast,breast,42.763878,0.966224
OE33,ESCA,aero_digestive_tract,oesophagus,43.007585,0.926703
DK-MG,GBM,nervous_system,glioma,43.022777,0.925396
MFH-ino,UNCLASSIFIED,soft_tissue,soft_tissue_other,43.131119,0.909676
DMS-79,SCLC,lung,lung_small_cell_carcinoma,43.149605,0.982137
DMS-273,SCLC,lung,lung_small_cell_carcinoma,43.266339,0.954947
COLO-824,BRCA,breast,breast,43.301628,0.94989
RCM-1,COREAD,digestive_system,large_intestine,43.446515,0.915585
HCC-44,LUAD,lung,lung_NSCLC_adenocarcinoma,43.455771,0.949624
HuCCT1,UNCLASSIFIED,digestive_system,biliary_tract,43.57405,0.925925
HuP-T3,PAAD,pancreas,pancreas,43.797431,0.910462
U-118-MG,GBM,nervous_system,glioma,43.803859,0.923625
LAN-6,NB,nervous_system,neuroblastoma,44.014345,0.970026
JHH-4,LIHC,digestive_system,liver,44.161519,0.932897
PC-14,LUAD,lung,lung_NSCLC_adenocarcinoma,44.563643,0.944967
NB13,NB,nervous_system,neuroblastoma,44.702704,0.967708
NB7,NB,nervous_system,neuroblastoma,45.168112,0.949776
NCI-H2291,LUAD,lung,lung_NSCLC_adenocarcinoma,45.190512,0.920736
Ca9-22,HNSC,aero_digestive_tract,head_and_neck,45.382597,0.95581
COR-L105,LUAD,lung,lung_NSCLC_adenocarcinoma,45.462912,0.913038
IGR-37,SKCM,skin,melanoma,45.605182,0.961034
HCC1569,BRCA,breast,breast,45.666736,0.971032
RERF-LC-MS,LUAD,lung,lung_NSCLC_adenocarcinoma,45.702275,0.977795
K-562,LCML,blood,chronic_myeloid_leukaemia,45.712874,0.964297
SIMA,NB,nervous_system,neuroblastoma,46.178956,0.958458
HCC1419,BRCA,breast,breast,46.250468,0.964426
PE-CA-PJ15,HNSC,aero_digestive_tract,head_and_neck,47.480973,0.970977
HeLa,CESC,urogenital_system,cervix,47.491729,0.977151
UACC-812,BRCA,breast,breast,48.463186,0.937945
OV-7,OV,urogenital_system,ovary,48.718004,0.974087
VMRC-LCD,LUAD,lung,lung_NSCLC_adenocarcinoma,48.839671,0.9421
CAL-12T,UNCLASSIFIED,lung,lung_NSCLC_not_specified,48.8822,0.972173
NCI-H1355,LUAD,lung,lung_NSCLC_adenocarcinoma,49.034765,0.916435
EFM-19,BRCA,breast,breast,49.523716,0.943104
NCI-H1770,UNCLASSIFIED,lung,lung_NSCLC_not_specified,49.611129,0.98894
SF126,GBM,nervous_system,glioma,49.656364,0.979275
EFM-192A,BRCA,breast,breast,49.872715,0.950188
COLO-783,SKCM,skin,melanoma,50.026427,0.971457
NCI-H841,SCLC,lung,lung_small_cell_carcinoma,50.05375,0.951785
HCC1806,UNCLASSIFIED,breast,breast,50.165329,0.973461
SNG-M,UCEC,urogenital_system,endometrium,50.468015,0.96671
NCI-H2023,LUAD,lung,lung_NSCLC_adenocarcinoma,50.652092,0.933558
BICR31,HNSC,aero_digestive_tract,head_and_neck,51.468757,0.988852
KYAE-1,ESCA,aero_digestive_tract,oesophagus,51.610081,0.970567
LCLC-97TM1,UNCLASSIFIED,lung,lung_NSCLC_large_cell,51.833857,0.96487
DJM-1,UNCLASSIFIED,skin,skin_other,51.852021,0.979066
639-V,BLCA,urogenital_system,bladder,51.917222,0.966075
OE19,ESCA,aero_digestive_tract,oesophagus,52.008115,0.940178
CAS-1,GBM,nervous_system,glioma,52.186266,0.925906
Hep3B2-1-7,LIHC,digestive_system,liver,52.314221,0.987767
COLO-668,SCLC,lung,lung_small_cell_carcinoma,52.319335,0.960161
SK-N-SH,NB,nervous_system,neuroblastoma,52.424583,0.950042
PCI-4B,HNSC,aero_digestive_tract,head_and_neck,52.488131,0.975932
KINGS-1,LGG,nervous_system,glioma,52.677908,0.906084
OSC-19,HNSC,aero_digestive_tract,head_and_neck,52.723806,0.97723
SNU-81,COREAD,digestive_system,large_intestine,52.7289,0.986844
TGBC24TKB,UNCLASSIFIED,digestive_system,biliary_tract,52.736901,0.939095
KOSC-2,HNSC,aero_digestive_tract,head_and_neck,52.789258,0.983392
SK-MES-1,LUSC,lung,lung_NSCLC_squamous_cell_carcinoma,53.318264,0.948382
SK-MEL-1,SKCM,skin,melanoma,53.329848,0.942956
MS-1,SCLC,lung,lung_small_cell_carcinoma,53.378349,0.977976
MKN45,STAD,digestive_system,stomach,53.573644,0.933851
D-336MG,LGG,nervous_system,glioma,53.735284,0.971816
COR-L23,UNCLASSIFIED,lung,lung_NSCLC_large_cell,54.12677,0.943227
CHL-1,SKCM,skin,melanoma,54.472178,0.956378
KP-3,UNCLASSIFIED,pancreas,pancreas,54.644513,0.962824
HCC70,BRCA,breast,breast,54.678279,0.968165
NCI-N87,STAD,digestive_system,stomach,55.061162,0.918023
MCF7,BRCA,breast,breast,55.062368,0.938608
CAL-27,HNSC,aero_digestive_tract,head_and_neck,55.315754,0.95352
SUIT-2,PAAD,pancreas,pancreas,55.344802,0.928828
NEC8,UNCLASSIFIED,urogenital_system,testis,55.526564,0.990816
huH-1,LIHC,digestive_system,liver,55.681621,0.937133
OACp4C,ESCA,aero_digestive_tract,oesophagus,55.685124,0.958698
SNU-1040,COREAD,digestive_system,large_intestine,56.123542,0.970674
KMH-2,THCA,thyroid,thyroid,56.151255,0.988801
SNU-387,LIHC,digestive_system,liver,56.188023,0.932773
SW948,COREAD,digestive_system,large_intestine,57.018156,0.94842
A498,KIRC,kidney,kidney,57.562182,0.93964
SF539,LGG,nervous_system,glioma,57.751492,0.97329
ESS-1,UNCLASSIFIED,urogenital_system,endometrium,58.12017,0.976039
COR-L303,SCLC,lung,lung_small_cell_carcinoma,58.903876,0.988379
SNU-C1,COREAD,digestive_system,large_intestine,58.996411,0.939189
DAN-G,PAAD,pancreas,pancreas,59.418231,0.958632
SK-LMS-1,UNCLASSIFIED,soft_tissue,soft_tissue_other,59.81956,0.958517
MDA-MB-157,BRCA,breast,breast,59.979094,0.962227
NCI-H2810,MESO,lung,mesothelioma,60.885662,0.975731
no-10,LGG,nervous_system,glioma,61.231417,0.971694
NCI-H747,COREAD,digestive_system,large_intestine,61.437029,0.920091
OVCAR-8,OV,urogenital_system,ovary,61.482176,0.977542
LU-134-A,SCLC,lung,lung_small_cell_carcinoma,61.659686,0.983173
HLE,LIHC,digestive_system,liver,62.10548,0.963593
CS1,UNCLASSIFIED,bone,bone_other,62.596251,0.941208
OV-56,OV,urogenital_system,ovary,62.949795,0.952753
NCI-H2804,MESO,lung,mesothelioma,63.037693,0.953701
EJM,MM,blood,lymphoid_neoplasm_other,63.585329,0.983082
NCI-H446,SCLC,lung,lung_small_cell_carcinoma,64.180194,0.970484
KP-1N,PAAD,pancreas,pancreas,64.569629,0.957194
KYSE-180,ESCA,aero_digestive_tract,oesophagus,65.15733,0.979481
Ca-Ski,CESC,urogenital_system,cervix,65.337097,0.960331
NCI-H1963,SCLC,lung,lung_small_cell_carcinoma,65.374519,0.973097
SNU-283,-,-,-,65.908398,0.981158
NCI-H2373,MESO,lung,mesothelioma,65.912519,0.93436
Daoy,MB,nervous_system,medulloblastoma,66.263842,0.973843
LB647-SCLC,SCLC,lung,lung_small_cell_carcinoma,66.383685,0.986656
U-266,MM,blood,myeloma,66.456138,0.957782
TE-8,ESCA,aero_digestive_tract,oesophagus,66.76144,0.946015
COR-L321,UNCLASSIFIED,lung,lung_other,66.860233,0.989155
KYSE-510,ESCA,aero_digestive_tract,oesophagus,66.927939,0.990071
ECC12,UNCLASSIFIED,digestive_system,stomach,67.650606,0.989363
D-392MG,GBM,nervous_system,glioma,67.878117,0.945867
T24,BLCA,urogenital_system,bladder,68.289495,0.975496
KYSE-140,ESCA,aero_digestive_tract,oesophagus,68.293565,0.965754
TE-441-T,UNCLASSIFIED,soft_tissue,rhabdomyosarcoma,68.438817,0.976744
SK-MG-1,GBM,nervous_system,glioma,68.756026,0.955503
TK,DLBC,blood,B_cell_lymphoma,69.190345,0.990589
MPP-89,MESO,lung,mesothelioma,69.410656,0.958583
Ramos-2G6-4C10,UNCLASSIFIED,blood,Burkitt_lymphoma,69.506748,0.9963
RH-41,UNCLASSIFIED,soft_tissue,rhabdomyosarcoma,69.651233,0.982621
5637,BLCA,urogenital_system,bladder,69.818117,0.958932
CAPAN-1,PAAD,pancreas,pancreas,69.86255,0.951868
PA-TU-8902,PAAD,pancreas,pancreas,70.032329,0.918632
NCI-H2869,MESO,lung,mesothelioma,70.089464,0.964745
PFSK-1,MB,nervous_system,medulloblastoma,70.498224,0.972572
OVCA420,OV,urogenital_system,ovary,70.759078,0.944037
NCI-H1693,LUAD,lung,lung_NSCLC_adenocarcinoma,70.9733,0.90937
BT-20,BRCA,breast,breast,71.013935,0.981161
TK10,KIRC,kidney,kidney,71.348937,0.88053
LU-139,SCLC,lung,lung_small_cell_carcinoma,71.438808,0.981484
KS-1,GBM,nervous_system,glioma,71.578748,0.953559
NCI-H64,SCLC,lung,lung_small_cell_carcinoma,71.734555,0.957042
LC-1-sq,LUSC,lung,lung_NSCLC_squamous_cell_carcinoma,72.203544,0.959102
HCC1187,BRCA,breast,breast,72.683475,0.975556
T98G,GBM,nervous_system,glioma,72.700666,0.968467
NCI-H1435,LUAD,lung,lung_NSCLC_adenocarcinoma,72.790167,0.987047
GOTO,NB,nervous_system,neuroblastoma,72.917535,0.966938
WM35,SKCM,skin,melanoma,73.936014,0.961494
KMRC-1,KIRC,kidney,kidney,74.210096,0.955091
WM-115,SKCM,skin,melanoma,74.34035,0.943988
LN-18,GBM,nervous_system,glioma,74.792723,0.969068
OCUB-M,BRCA,breast,breast,74.961944,0.979478
A2058,SKCM,skin,melanoma,75.315988,0.980976
KYSE-50,ESCA,aero_digestive_tract,oesophagus,75.461194,0.973366
NCI-H526,SCLC,lung,lung_small_cell_carcinoma,75.711496,0.985072
TE-10,ESCA,aero_digestive_tract,oesophagus,75.96158,0.986251
HCC-33,SCLC,lung,lung_small_cell_carcinoma,76.253493,0.988309
LCLC-103H,UNCLASSIFIED,lung,lung_NSCLC_large_cell,76.849244,0.953968
COR-L95,SCLC,lung,lung_small_cell_carcinoma,77.071544,0.973066
BB65-RCC,KIRC,kidney,kidney,77.139335,0.984168
KMRC-20,KIRC,kidney,kidney,77.194232,0.958357
NB12,NB,nervous_system,neuroblastoma,77.264693,0.962166
RCC-JW,KIRC,kidney,kidney,77.978232,0.954671
COLO-684,UCEC,urogenital_system,endometrium,78.382407,0.955248
NCI-H2087,LUAD,lung,lung_NSCLC_adenocarcinoma,78.953226,0.946089
JHU-022,HNSC,aero_digestive_tract,head_and_neck,79.684629,0.92635
MSTO-211H,MESO,lung,mesothelioma,79.709996,0.965806
JEG-3,UNCLASSIFIED,urogenital_system,urogenital_system_other,80.20308,0.989058
ASH-3,THCA,thyroid,thyroid,80.283229,0.970675
NCI-H1573,LUAD,lung,lung_NSCLC_adenocarcinoma,80.346731,0.967318
CL-11,COREAD,digestive_system,large_intestine,81.996306,0.924545
SK-MM-2,MM,blood,myeloma,82.51654,0.967376
NCI-H1623,LUAD,lung,lung_NSCLC_adenocarcinoma,82.67205,0.960301
NCI-H522,LUAD,lung,lung_NSCLC_adenocarcinoma,82.78598,0.971308
Hs-578-T,BRCA,breast,breast,82.842303,0.959698
Caov-4,OV,urogenital_system,ovary,82.948874,0.950402
NCI-H2591,MESO,lung,mesothelioma,82.95447,0.93492
PANC-02-03,PAAD,pancreas,pancreas,83.048047,0.92694
SW1573,LUAD,lung,lung_NSCLC_adenocarcinoma,83.194566,0.933392
SLVL,DLBC,blood,B_cell_lymphoma,83.272957,0.977609
OCUM-1,STAD,digestive_system,stomach,83.499226,0.944506
NCI-H1688,SCLC,lung,lung_small_cell_carcinoma,83.599178,0.985035
COR-L311,SCLC,lung,lung_small_cell_carcinoma,83.620897,0.982183
Saos-2,UNCLASSIFIED,bone,osteosarcoma,83.695095,0.968247
GB-1,GBM,nervous_system,glioma,83.845272,0.942995
LP-1,MM,blood,myeloma,84.775063,0.985561
NCI-H1436,SCLC,lung,lung_small_cell_carcinoma,85.224932,0.98761
NCI-H2369,MESO,lung,mesothelioma,85.230907,0.968494
OSC-20,HNSC,aero_digestive_tract,head_and_neck,85.856315,0.955149
NCI-H2461,MESO,lung,mesothelioma,86.065642,0.927019
TE-5,ESCA,aero_digestive_tract,oesophagus,86.103097,0.960186
MEL-JUSO,SKCM,skin,melanoma,86.488087,0.969992
HCC2157,BRCA,breast,breast,86.78531,0.986364
HCC1599,BRCA,breast,breast,87.345862,0.96967
SNU-C2B,COREAD,digestive_system,large_intestine,87.582898,0.929445
SUP-HD1,UNCLASSIFIED,blood,Hodgkin_lymphoma,87.980581,0.963039
U-CH2,-,-,-,87.981634,0.965751
NCI-H748,SCLC,lung,lung_small_cell_carcinoma,88.192758,0.985717
NCI-H2172,UNCLASSIFIED,lung,lung_NSCLC_not_specified,88.656335,0.98476
COLO-800,SKCM,skin,melanoma,89.120759,0.982545
TT2609-C02,THCA,thyroid,thyroid,89.123635,0.926436
451Lu,SKCM,skin,melanoma,89.957058,0.983452
EFO-27,UNCLASSIFIED,urogenital_system,ovary,90.768666,0.966533
BxPC-3,PAAD,pancreas,pancreas,90.820153,0.958759
SNB75,GBM,nervous_system,glioma,91.029072,0.969566
RMG-I,UNCLASSIFIED,urogenital_system,ovary,91.414407,0.89346
Hs-746T,STAD,digestive_system,stomach,91.58984,0.946524
RERF-LC-KJ,LUAD,lung,lung_NSCLC_adenocarcinoma,91.595941,0.972499
LB831-BLC,BLCA,urogenital_system,bladder,93.536364,0.968571
SBC-1,SCLC,lung,lung_small_cell_carcinoma,94.216518,0.982196
NB1,NB,nervous_system,neuroblastoma,94.790261,0.961958
YMB-1-E,BRCA,breast,breast,94.8586,0.978436
KALS-1,LGG,nervous_system,glioma,95.026403,0.95743
KARPAS-231,UNCLASSIFIED,blood,B_cell_leukemia,95.212218,0.992628
ChaGo-K-1,UNCLASSIFIED,lung,lung_NSCLC_not_specified,95.392885,0.987374
MFE-296,UCEC,urogenital_system,endometrium,96.315297,0.977444
KP-N-RT-BM-1,NB,nervous_system,neuroblastoma,96.712156,0.985089
NCI-H196,SCLC,lung,lung_small_cell_carcinoma,96.973819,0.976233
NCI-H2081,SCLC,lung,lung_small_cell_carcinoma,97.222256,0.980173
VMRC-MELG,SKCM,skin,melanoma,97.315985,0.969952
MDA-MB-468,BRCA,breast,breast,97.331488,0.969746
EN,UCEC,urogenital_system,endometrium,98.27378,0.958325
SCC-25,HNSC,aero_digestive_tract,head_and_neck,98.602864,0.988887
KYSE-270,ESCA,aero_digestive_tract,oesophagus,98.863328,0.975471
LOU-NH91,LUSC,lung,lung_NSCLC_squamous_cell_carcinoma,100.107976,0.961465
NCI-H1563,LUAD,lung,lung_NSCLC_adenocarcinoma,100.590092,0.97039
OVK-18,OV,urogenital_system,ovary,102.076091,0.978114
UWB1.289,OV,urogenital_system,ovary,102.156958,0.974098
C32,SKCM,skin,melanoma,102.694919,0.969167
SW962,UNCLASSIFIED,urogenital_system,urogenital_system_other,102.885555,0.980383
42-MG-BA,GBM,nervous_system,glioma,104.532483,0.975788
HCC1500,BRCA,breast,breast,104.930864,0.981452
NCI-H2228,LUAD,lung,lung_NSCLC_adenocarcinoma,105.414583,0.9425
PANC-10-05,PAAD,pancreas,pancreas,105.655086,0.90176
EC-GI-10,ESCA,aero_digestive_tract,oesophagus,106.405601,0.976637
ESO26,ESCA,aero_digestive_tract,oesophagus,106.606044,0.972271
JHOS-2,OV,urogenital_system,ovary,106.968065,0.978969
Caov-3,OV,urogenital_system,ovary,107.010455,0.98007
SK-MEL-31,SKCM,skin,melanoma,107.812856,0.972782
NCI-H720,UNCLASSIFIED,lung,lung_NSCLC_carcinoid,108.036489,0.980558
SiHa,CESC,urogenital_system,cervix,108.089818,0.973406
LB771-HNC,HNSC,aero_digestive_tract,head_and_neck,108.592708,0.960853
YAPC,PAAD,pancreas,pancreas,108.870027,0.935531
DMS-114,SCLC,lung,lung_small_cell_carcinoma,108.920058,0.973511
NCI-H2052,MESO,lung,mesothelioma,109.149635,0.960614
MDA-MB-175-VII,BRCA,breast,breast,109.210506,0.9203
BICR78,HNSC,aero_digestive_tract,head_and_neck,109.409747,0.957815
MMAc-SF,SKCM,skin,melanoma,109.836787,0.980721
SNU-423,LIHC,digestive_system,liver,110.308115,0.961518
HA7-RCC,KIRC,kidney,kidney,110.528127,0.979762
OMC-1,CESC,urogenital_system,cervix,111.338322,0.980551
UM-UC-3,BLCA,urogenital_system,bladder,111.761154,0.974732
JHH-2,LIHC,digestive_system,liver,113.579893,0.964389
SCC-9,HNSC,aero_digestive_tract,head_and_neck,114.19687,0.969588
PANC-03-27,PAAD,pancreas,pancreas,114.270302,0.968529
NCI-H345,SCLC,lung,lung_small_cell_carcinoma,114.38625,0.968543
HCC202,BRCA,breast,breast,114.585596,0.994088
GI-1,LGG,nervous_system,glioma,115.281096,0.986611
OS-RC-2,KIRC,kidney,kidney,115.283546,0.960235
HuH-7,LIHC,digestive_system,liver,115.33086,0.966062
TE-6,ESCA,aero_digestive_tract,oesophagus,116.687105,0.960083
MKN1,UNCLASSIFIED,digestive_system,stomach,116.910647,0.956433
HDQ-P1,BRCA,breast,breast,117.034138,0.968922
HCC1143,BRCA,breast,breast,117.088881,0.963461
IST-MEL1,SKCM,skin,melanoma,117.776464,0.958929
ML-1,THCA,thyroid,thyroid,118.009162,0.958576
JHH-6,LIHC,digestive_system,liver,119.28159,0.94958
ES4,UNCLASSIFIED,bone,ewings_sarcoma,119.548916,0.968426
NCI-H1048,SCLC,lung,lung_small_cell_carcinoma,119.683077,0.98187
SK-UT-1,UNCLASSIFIED,soft_tissue,soft_tissue_other,121.485268,0.981937
SN12C,KIRC,kidney,kidney,121.548247,0.971318
MDA-MB-330,BRCA,breast,breast,121.886548,0.973278
CAL-29,BLCA,urogenital_system,bladder,122.041161,0.980633
SKN-3,HNSC,aero_digestive_tract,head_and_neck,122.749226,0.973657
NCI-H2029,SCLC,lung,lung_small_cell_carcinoma,123.337019,0.99205
JIMT-1,BRCA,breast,breast,123.74668,0.981235
NCI-H650,LUAD,lung,lung_NSCLC_adenocarcinoma,124.095255,0.983126
HuP-T4,PAAD,pancreas,pancreas,124.342374,0.973998
RVH-421,SKCM,skin,melanoma,124.868418,0.986333
ABC-1,LUAD,lung,lung_NSCLC_adenocarcinoma,125.084198,0.97906
BT-549,BRCA,breast,breast,125.594647,0.956613
EMC-BAC-1,LUAD,lung,lung_NSCLC_adenocarcinoma,126.149813,0.983163
NY,UNCLASSIFIED,bone,osteosarcoma,126.474831,0.975055
MS751,CESC,urogenital_system,cervix,127.809417,0.987611
OAW-42,OV,urogenital_system,ovary,127.915503,0.965834
GCIY,STAD,digestive_system,stomach,128.19663,0.952543
C-4-I,CESC,urogenital_system,cervix,128.633599,0.986006
CAL-62,THCA,thyroid,thyroid,130.191734,0.977085
NCI-H441,LUAD,lung,lung_NSCLC_adenocarcinoma,132.07736,0.910461
NCI-H1155,UNCLASSIFIED,lung,lung_NSCLC_large_cell,132.692105,0.985778
CHSA8926,UNCLASSIFIED,bone,chondrosarcoma,132.770319,0.970354
SW1271,SCLC,lung,lung_small_cell_carcinoma,133.424444,0.927578
SF268,GBM,nervous_system,glioma,133.648492,0.969277
ME-180,CESC,urogenital_system,cervix,134.213916,0.975187
HCC-78,LUAD,lung,lung_NSCLC_adenocarcinoma,134.495234,0.963978
SW837,COREAD,digestive_system,large_intestine,134.809776,0.969145
NCI-H740,-,lung,lung_other,136.213915,0.977534
MFE-319,UCEC,urogenital_system,endometrium,137.184682,0.978708
T84,COREAD,digestive_system,large_intestine,137.255455,0.977141
NCI-H1651,LUAD,lung,lung_NSCLC_adenocarcinoma,139.540449,0.982123
NCI-H1876,SCLC,lung,lung_small_cell_carcinoma,140.12531,0.984198
BHY,HNSC,aero_digestive_tract,head_and_neck,141.028239,0.983207
SW626,OV,urogenital_system,ovary,141.302247,0.941071
COLO-679,SKCM,skin,melanoma,141.42474,0.966184
MDA-MB-436,BRCA,breast,breast,142.062773,0.967197
G-292-Clone-A141B1,UNCLASSIFIED,bone,osteosarcoma,144.265868,0.961052
PWR-1E,PRAD,urogenital_system,prostate,146.352057,0.985046
LU-65,UNCLASSIFIED,lung,lung_NSCLC_large_cell,147.367749,0.958754
EPLC-272H,LUSC,lung,lung_NSCLC_squamous_cell_carcinoma,148.324985,0.972671
SW1783,LGG,nervous_system,glioma,148.597627,0.976862
DoTc2-4510,CESC,urogenital_system,cervix,148.979177,0.972491
SNU-449,LIHC,digestive_system,liver,148.988478,0.938625
CAL-78,UNCLASSIFIED,bone,chondrosarcoma,149.194813,0.977502
NCI-H1341,SCLC,lung,lung_small_cell_carcinoma,151.009956,0.98445
NCI-H1694,SCLC,lung,lung_small_cell_carcinoma,154.296432,0.987592
SCC-4,HNSC,aero_digestive_tract,head_and_neck,154.50673,0.974159
Hs-766T,PAAD,pancreas,pancreas,154.77744,0.929029
KNS-81-FD,LGG,nervous_system,glioma,156.314684,0.977484
647-V,BLCA,urogenital_system,bladder,156.508898,0.98663
NCI-H1105,SCLC,lung,lung_small_cell_carcinoma,156.719464,0.992559
HCC1954,BRCA,breast,breast,158.228453,0.986813
RO82-W-1,THCA,thyroid,thyroid,159.380646,0.913056
HT-1197,BLCA,urogenital_system,bladder,160.242678,0.967639
IA-LM,UNCLASSIFIED,lung,lung_NSCLC_large_cell,161.140438,0.97773
SNU-61,COREAD,digestive_system,large_intestine,161.788154,0.975784
TE-9,ESCA,aero_digestive_tract,oesophagus,166.69562,0.98448
SCC90,HNSC,aero_digestive_tract,head_and_neck,167.08322,0.965745
HPAC,PAAD,pancreas,pancreas,169.970059,0.945409
ESO51,ESCA,aero_digestive_tract,oesophagus,169.977468,0.97326
RERF-GC-1B,STAD,digestive_system,stomach,170.314357,0.980164
HT-1376,BLCA,urogenital_system,bladder,170.342693,0.96751
KYSE-70,ESCA,aero_digestive_tract,oesophagus,171.774767,0.966914
OAW-28,OV,urogenital_system,ovary,173.976867,0.978767
COR-L88,SCLC,lung,lung_small_cell_carcinoma,174.978529,0.982122
NB5,NB,nervous_system,neuroblastoma,179.091668,0.985029
NCI-H226,LUSC,lung,lung_NSCLC_squamous_cell_carcinoma,179.978542,0.931145
no-11,LGG,nervous_system,glioma,180.243747,0.975725
LK-2,LUSC,lung,lung_NSCLC_squamous_cell_carcinoma,181.084555,0.976927
H3255,LUAD,lung,lung_NSCLC_adenocarcinoma,184.609372,0.963224
SK-MEL-2,SKCM,skin,melanoma,186.018683,0.989631
NCI-H2085,LUAD,lung,lung_NSCLC_adenocarcinoma,187.619027,0.972671
NCI-H1092,SCLC,lung,lung_small_cell_carcinoma,188.054736,0.976854
D-542MG,GBM,nervous_system,glioma,189.800843,0.977821
JHH-1,LIHC,digestive_system,liver,190.449848,0.974959
PL4,PAAD,pancreas,pancreas,190.721852,0.973495
JHOS-3,OV,urogenital_system,ovary,194.026622,0.976098
NUGC-4,STAD,digestive_system,stomach,194.972918,0.948212
BICR22,HNSC,aero_digestive_tract,head_and_neck,195.061353,0.987929
HT-3,CESC,urogenital_system,cervix,195.681677,0.987921
CAPAN-2,PAAD,pancreas,pancreas,196.647443,0.94765
SW1417,COREAD,digestive_system,large_intestine,200.786565,0.919651
NCI-H250,SCLC,lung,lung_small_cell_carcinoma,202.345267,0.980002
LS-123,COREAD,digestive_system,large_intestine,204.276482,0.941168
SK-GT-4,ESCA,aero_digestive_tract,oesophagus,204.886947,0.930964
NCI-H2009,LUAD,lung,lung_NSCLC_adenocarcinoma,204.908561,0.97735
COLO-680N,ESCA,aero_digestive_tract,oesophagus,205.707724,0.962878
NCI-H1650,LUAD,lung,lung_NSCLC_adenocarcinoma,206.032817,0.956986
A253,UNCLASSIFIED,aero_digestive_tract,head_and_neck,206.769527,0.990976
HCC38,BRCA,breast,breast,207.448976,0.974558
M059J,GBM,nervous_system,glioma,207.690372,0.973903
ZR-75-30,BRCA,breast,breast,209.164894,0.955864
TGBC1TKB,UNCLASSIFIED,digestive_system,biliary_tract,211.047736,0.966423
HOP-62,LUAD,lung,lung_NSCLC_adenocarcinoma,213.463367,0.967
KP-2,PAAD,pancreas,pancreas,213.852427,0.971842
NCI-H2342,LUAD,lung,lung_NSCLC_adenocarcinoma,213.92304,0.977149
CHSA0108,UNCLASSIFIED,bone,chondrosarcoma,215.580162,0.976379
NCI-H2227,SCLC,lung,lung_small_cell_carcinoma,215.816043,0.979162
Calu-3,LUAD,lung,lung_NSCLC_adenocarcinoma,218.067547,0.95982
COLO-678,COREAD,digestive_system,large_intestine,219.241583,0.923947
SISO,CESC,urogenital_system,cervix,220.766222,0.98502
8505C,THCA,thyroid,thyroid,223.552918,0.971672
SW872,UNCLASSIFIED,soft_tissue,soft_tissue_other,225.846374,0.976487
HCC1428,BRCA,breast,breast,228.392496,0.959129
HuO-3N1,UNCLASSIFIED,bone,osteosarcoma,230.843771,0.977947
NCI-H2196,SCLC,lung,lung_small_cell_carcinoma,230.954376,0.987813
NCI-H1781,LUAD,lung,lung_NSCLC_adenocarcinoma,231.057546,0.977245
SW1990,PAAD,pancreas,pancreas,232.64559,0.977405
LN-405,GBM,nervous_system,glioma,237.912568,0.9791
EKVX,LUAD,lung,lung_NSCLC_adenocarcinoma,238.448913,0.965065
KYSE-220,ESCA,aero_digestive_tract,oesophagus,239.458474,0.983695
HOP-92,UNCLASSIFIED,lung,lung_NSCLC_large_cell,241.032984,0.97416
NCI-H661,UNCLASSIFIED,lung,lung_NSCLC_large_cell,244.002898,0.983037
TE-1,ESCA,aero_digestive_tract,oesophagus,251.186945,0.974289
NCI-H2722,MESO,lung,mesothelioma,253.487348,0.932268
NCI-H23,LUAD,lung,lung_NSCLC_adenocarcinoma,255.620569,0.991827
PANC-08-13,PAAD,pancreas,pancreas,259.261379,0.970725
SK-OV-3,OV,urogenital_system,ovary,267.459694,0.95843
TCCSUP,BLCA,urogenital_system,bladder,268.047977,0.97764
HCC-366,UNCLASSIFIED,lung,lung_NSCLC_not_specified,269.383585,0.9836
TGBC11TKB,STAD,digestive_system,stomach,275.279628,0.984397
MKN7,STAD,digestive_system,stomach,275.830721,0.968123
BT-474,BRCA,breast,breast,276.445357,0.969431
SKG-IIIa,CESC,urogenital_system,cervix,277.983869,0.96822
KYSE-410,ESCA,aero_digestive_tract,oesophagus,279.662043,0.959742
VMRC-RCW,KIRC,kidney,kidney,280.315171,0.972945
OVCAR-3,OV,urogenital_system,ovary,281.500582,0.98828
HEC-1,UCEC,urogenital_system,endometrium,283.891258,0.983245
SCC-15,HNSC,aero_digestive_tract,head_and_neck,286.586418,0.981373
NCI-H2444,UNCLASSIFIED,lung,lung_NSCLC_not_specified,295.359324,0.983814
NCI-H810,UNCLASSIFIED,lung,lung_NSCLC_large_cell,296.024044,0.983681
KURAMOCHI,UNCLASSIFIED,urogenital_system,ovary,303.519241,0.97159
MFE-280,UCEC,urogenital_system,endometrium,318.041979,0.976596
SW1116,COREAD,digestive_system,large_intestine,318.608262,0.981739
HPAF-II,PAAD,pancreas,pancreas,322.904922,0.974444
NCI-H1568,LUAD,lung,lung_NSCLC_adenocarcinoma,324.504784,0.969125
HCC1937,BRCA,breast,breast,330.402927,0.978594
HCC-15,LUSC,lung,lung_NSCLC_squamous_cell_carcinoma,337.202056,0.985648
LN-229,GBM,nervous_system,glioma,339.739034,0.984273
HSC-4,HNSC,aero_digestive_tract,head_and_neck,341.860337,0.990417
WM278,SKCM,skin,melanoma,345.125375,0.971679
KLE,UCEC,urogenital_system,endometrium,346.560821,0.958454
NCI-H2405,LUAD,lung,lung_NSCLC_adenocarcinoma,346.713796,0.942229
NCI-H2347,LUAD,lung,lung_NSCLC_adenocarcinoma,349.778518,0.951941
C2BBe1,COREAD,digestive_system,large_intestine,359.302656,0.963173
OVCAR-4,OV,urogenital_system,ovary,360.171347,0.984743
SW684,UNCLASSIFIED,soft_tissue,fibrosarcoma,367.740966,0.964958
PC-3,PRAD,urogenital_system,prostate,368.018517,0.973233
FTC-133,THCA,thyroid,thyroid,369.372334,0.987399
NCI-H2135,UNCLASSIFIED,lung,lung_NSCLC_not_specified,375.689604,0.966868
J82,BLCA,urogenital_system,bladder,381.503694,0.982802
DU-145,PRAD,urogenital_system,prostate,383.796696,0.983964
KYSE-520,ESCA,aero_digestive_tract,oesophagus,396.553638,0.964235
OVMIU,OV,urogenital_system,ovary,404.996044,0.964084
SW756,CESC,urogenital_system,cervix,407.330767,0.974845
OVKATE,OV,urogenital_system,ovary,412.090583,0.944274
CAL-120,BRCA,breast,breast,414.590704,0.953866
MZ1-PC,PAAD,pancreas,pancreas,417.027352,0.968701
NCI-H1793,LUAD,lung,lung_NSCLC_adenocarcinoma,419.409494,0.960244
NCI-H2141,SCLC,lung,lung_small_cell_carcinoma,429.470792,0.986514
RKN,UNCLASSIFIED,urogenital_system,ovary,430.752977,0.979369
NCI-H1836,SCLC,lung,lung_small_cell_carcinoma,435.996934,0.986793
HCC-827,LUAD,lung,lung_NSCLC_adenocarcinoma,455.767024,0.972598
NCI-H2595,MESO,lung,mesothelioma,458.765391,0.986978
NCI-H596,UNCLASSIFIED,lung,lung_NSCLC_adenocarcinoma,472.877502,0.984829
MOG-G-CCM,LGG,nervous_system,glioma,479.375453,0.981224
OVISE,OV,urogenital_system,ovary,491.673635,0.985045
NCI-H1838,LUAD,lung,lung_NSCLC_adenocarcinoma,497.267701,0.971446
OV-90,OV,urogenital_system,ovary,514.244451,0.970088
FU-OV-1,OV,urogenital_system,ovary,538.282991,0.97739
VMRC-RCZ,KIRC,kidney,kidney,573.081067,0.957485
LU-165,SCLC,lung,lung_small_cell_carcinoma,589.008976,0.972035
HT-1080,UNCLASSIFIED,soft_tissue,fibrosarcoma,595.920009,0.985868
JHH-7,LIHC,digestive_system,liver,596.990523,0.983095
NCI-H513,MESO,lung,mesothelioma,746.473009,0.977224
DBTRG-05MG,GBM,nervous_system,glioma,841.756337,0.961183
NMC-G1,LGG,nervous_system,glioma,1055.778263,0.953685
NCI-H2066,SCLC,lung,lung_small_cell_carcinoma,1066.273251,0.978516
AsPC-1,PAAD,pancreas,pancreas,1434.678969,0.954346
EFO-21,OV,urogenital_system,ovary,1860.303916,0.967261
SU8686,PAAD,pancreas,pancreas,2263.717119,0.989579
BT-483,BRCA,breast,breast,5254.130244,0.97754
PANC-04-03,PAAD,pancreas,pancreas,7124.474232,0.969904
